implementation,step,time,legacy_right,barrier_right,reverted,blocked_donors,divergence_max,simulation_array_bytes,surface_array_bytes
jacobi-pcg-v1,1,2.25000000000000006e-1,3.92150890547782183e-4,0.00000000000000000e0,0,2,0.00000000000000000e0,384,96
jacobi-pcg-v1,2,3.49999999999999978e-1,1.17331778164952993e-3,0.00000000000000000e0,0,2,0.00000000000000000e0,384,96
jacobi-pcg-v1,3,4.74999999999999978e-1,2.32954020611941814e-3,0.00000000000000000e0,0,2,0.00000000000000000e0,384,96
jacobi-pcg-v1,4,5.99999999999999978e-1,3.83662292733788490e-3,0.00000000000000000e0,0,2,0.00000000000000000e0,384,96
jacobi-pcg-v1,5,7.24999999999999978e-1,5.66145312041044235e-3,0.00000000000000000e0,0,2,0.00000000000000000e0,384,96
jacobi-pcg-v1,6,8.49999999999999978e-1,7.76390219107270241e-3,0.00000000000000000e0,0,2,0.00000000000000000e0,384,96
jacobi-pcg-v1,7,9.74999999999999978e-1,1.00990859791636467e-2,0.00000000000000000e0,0,2,0.00000000000000000e0,384,96
jacobi-pcg-v1,8,1.10000000000000009e0,1.26197338104248047e-2,0.00000000000000000e0,0,2,0.00000000000000000e0,384,96
sgs-pcg-v1,1,2.25000000000000006e-1,3.92150890547782183e-4,0.00000000000000000e0,0,2,0.00000000000000000e0,384,96
sgs-pcg-v1,2,3.49999999999999978e-1,1.17331778164952993e-3,0.00000000000000000e0,0,2,0.00000000000000000e0,384,96
sgs-pcg-v1,3,4.74999999999999978e-1,2.32954020611941814e-3,0.00000000000000000e0,0,2,0.00000000000000000e0,384,96
sgs-pcg-v1,4,5.99999999999999978e-1,3.83662292733788490e-3,0.00000000000000000e0,0,2,0.00000000000000000e0,384,96
sgs-pcg-v1,5,7.24999999999999978e-1,5.66145312041044235e-3,0.00000000000000000e0,0,2,0.00000000000000000e0,384,96
sgs-pcg-v1,6,8.49999999999999978e-1,7.76390219107270241e-3,0.00000000000000000e0,0,2,0.00000000000000000e0,384,96
sgs-pcg-v1,7,9.74999999999999978e-1,1.00990859791636467e-2,0.00000000000000000e0,0,2,0.00000000000000000e0,384,96
sgs-pcg-v1,8,1.10000000000000009e0,1.26197338104248047e-2,0.00000000000000000e0,0,2,0.00000000000000000e0,384,96
