i,j,k,fraction,pressure
0,0,0,1.00000000000000000e0,0.00000000000000000e0
1,0,0,1.00000000000000000e0,0.00000000000000000e0
2,0,0,1.00000000000000000e0,0.00000000000000000e0
3,0,0,1.00000000000000000e0,0.00000000000000000e0
4,0,0,1.00000000000000000e0,0.00000000000000000e0
5,0,0,1.00000000000000000e0,0.00000000000000000e0
6,0,0,1.00000000000000000e0,0.00000000000000000e0
7,0,0,1.00000000000000000e0,0.00000000000000000e0
8,0,0,1.00000000000000000e0,0.00000000000000000e0
9,0,0,1.00000000000000000e0,0.00000000000000000e0
10,0,0,1.00000000000000000e0,0.00000000000000000e0
11,0,0,1.00000000000000000e0,0.00000000000000000e0
12,0,0,1.00000000000000000e0,0.00000000000000000e0
13,0,0,1.00000000000000000e0,0.00000000000000000e0
14,0,0,1.00000000000000000e0,0.00000000000000000e0
15,0,0,1.00000000000000000e0,0.00000000000000000e0
16,0,0,1.00000000000000000e0,0.00000000000000000e0
17,0,0,1.00000000000000000e0,0.00000000000000000e0
18,0,0,1.00000000000000000e0,0.00000000000000000e0
19,0,0,1.00000000000000000e0,0.00000000000000000e0
20,0,0,1.00000000000000000e0,0.00000000000000000e0
21,0,0,1.00000000000000000e0,0.00000000000000000e0
22,0,0,1.00000000000000000e0,0.00000000000000000e0
23,0,0,1.00000000000000000e0,0.00000000000000000e0
24,0,0,1.00000000000000000e0,0.00000000000000000e0
25,0,0,1.00000000000000000e0,0.00000000000000000e0
26,0,0,1.00000000000000000e0,0.00000000000000000e0
27,0,0,1.00000000000000000e0,0.00000000000000000e0
28,0,0,1.00000000000000000e0,0.00000000000000000e0
29,0,0,1.00000000000000000e0,0.00000000000000000e0
30,0,0,1.00000000000000000e0,0.00000000000000000e0
31,0,0,1.00000000000000000e0,0.00000000000000000e0
0,1,0,1.00000000000000000e0,0.00000000000000000e0
1,1,0,1.00000000000000000e0,0.00000000000000000e0
2,1,0,1.00000000000000000e0,0.00000000000000000e0
3,1,0,1.00000000000000000e0,0.00000000000000000e0
4,1,0,1.00000000000000000e0,0.00000000000000000e0
5,1,0,1.00000000000000000e0,0.00000000000000000e0
6,1,0,1.00000000000000000e0,0.00000000000000000e0
7,1,0,1.00000000000000000e0,0.00000000000000000e0
8,1,0,9.96793425572102265e-1,0.00000000000000000e0
9,1,0,9.77701932832330201e-1,0.00000000000000000e0
10,1,0,9.40252622712140607e-1,0.00000000000000000e0
11,1,0,8.85884651197638817e-1,0.00000000000000000e0
12,1,0,8.16687348944217462e-1,0.00000000000000000e0
13,1,0,7.35319929471181410e-1,0.00000000000000000e0
14,1,0,6.44909297077505883e-1,0.00000000000000000e0
15,1,0,5.48929881663209329e-1,0.00000000000000000e0
16,1,0,4.51070118336790671e-1,0.00000000000000000e0
17,1,0,3.55090702922494117e-1,0.00000000000000000e0
18,1,0,2.64680070528820366e-1,0.00000000000000000e0
19,1,0,1.83312651055780762e-1,0.00000000000000000e0
20,1,0,1.14115348802361183e-1,0.00000000000000000e0
21,1,0,5.97473772878593934e-2,0.00000000000000000e0
22,1,0,2.22980671676715758e-2,0.00000000000000000e0
23,1,0,3.20657442789595848e-3,0.00000000000000000e0
24,1,0,0.00000000000000000e0,0.00000000000000000e0
25,1,0,0.00000000000000000e0,0.00000000000000000e0
26,1,0,0.00000000000000000e0,0.00000000000000000e0
27,1,0,0.00000000000000000e0,0.00000000000000000e0
28,1,0,0.00000000000000000e0,0.00000000000000000e0
29,1,0,0.00000000000000000e0,0.00000000000000000e0
30,1,0,0.00000000000000000e0,0.00000000000000000e0
31,1,0,0.00000000000000000e0,0.00000000000000000e0
0,2,0,0.00000000000000000e0,0.00000000000000000e0
1,2,0,0.00000000000000000e0,0.00000000000000000e0
2,2,0,0.00000000000000000e0,0.00000000000000000e0
3,2,0,0.00000000000000000e0,0.00000000000000000e0
4,2,0,0.00000000000000000e0,0.00000000000000000e0
5,2,0,0.00000000000000000e0,0.00000000000000000e0
6,2,0,0.00000000000000000e0,0.00000000000000000e0
7,2,0,0.00000000000000000e0,0.00000000000000000e0
8,2,0,0.00000000000000000e0,0.00000000000000000e0
9,2,0,0.00000000000000000e0,0.00000000000000000e0
10,2,0,0.00000000000000000e0,0.00000000000000000e0
11,2,0,0.00000000000000000e0,0.00000000000000000e0
12,2,0,0.00000000000000000e0,0.00000000000000000e0
13,2,0,0.00000000000000000e0,0.00000000000000000e0
14,2,0,0.00000000000000000e0,0.00000000000000000e0
15,2,0,0.00000000000000000e0,0.00000000000000000e0
16,2,0,0.00000000000000000e0,0.00000000000000000e0
17,2,0,0.00000000000000000e0,0.00000000000000000e0
18,2,0,0.00000000000000000e0,0.00000000000000000e0
19,2,0,0.00000000000000000e0,0.00000000000000000e0
20,2,0,0.00000000000000000e0,0.00000000000000000e0
21,2,0,0.00000000000000000e0,0.00000000000000000e0
22,2,0,0.00000000000000000e0,0.00000000000000000e0
23,2,0,0.00000000000000000e0,0.00000000000000000e0
24,2,0,0.00000000000000000e0,0.00000000000000000e0
25,2,0,0.00000000000000000e0,0.00000000000000000e0
26,2,0,0.00000000000000000e0,0.00000000000000000e0
27,2,0,0.00000000000000000e0,0.00000000000000000e0
28,2,0,0.00000000000000000e0,0.00000000000000000e0
29,2,0,0.00000000000000000e0,0.00000000000000000e0
30,2,0,0.00000000000000000e0,0.00000000000000000e0
31,2,0,0.00000000000000000e0,0.00000000000000000e0
0,3,0,0.00000000000000000e0,0.00000000000000000e0
1,3,0,0.00000000000000000e0,0.00000000000000000e0
2,3,0,0.00000000000000000e0,0.00000000000000000e0
3,3,0,0.00000000000000000e0,0.00000000000000000e0
4,3,0,0.00000000000000000e0,0.00000000000000000e0
5,3,0,0.00000000000000000e0,0.00000000000000000e0
6,3,0,0.00000000000000000e0,0.00000000000000000e0
7,3,0,0.00000000000000000e0,0.00000000000000000e0
8,3,0,0.00000000000000000e0,0.00000000000000000e0
9,3,0,0.00000000000000000e0,0.00000000000000000e0
10,3,0,0.00000000000000000e0,0.00000000000000000e0
11,3,0,0.00000000000000000e0,0.00000000000000000e0
12,3,0,0.00000000000000000e0,0.00000000000000000e0
13,3,0,0.00000000000000000e0,0.00000000000000000e0
14,3,0,0.00000000000000000e0,0.00000000000000000e0
15,3,0,0.00000000000000000e0,0.00000000000000000e0
16,3,0,0.00000000000000000e0,0.00000000000000000e0
17,3,0,0.00000000000000000e0,0.00000000000000000e0
18,3,0,0.00000000000000000e0,0.00000000000000000e0
19,3,0,0.00000000000000000e0,0.00000000000000000e0
20,3,0,0.00000000000000000e0,0.00000000000000000e0
21,3,0,0.00000000000000000e0,0.00000000000000000e0
22,3,0,0.00000000000000000e0,0.00000000000000000e0
23,3,0,0.00000000000000000e0,0.00000000000000000e0
24,3,0,0.00000000000000000e0,0.00000000000000000e0
25,3,0,0.00000000000000000e0,0.00000000000000000e0
26,3,0,0.00000000000000000e0,0.00000000000000000e0
27,3,0,0.00000000000000000e0,0.00000000000000000e0
28,3,0,0.00000000000000000e0,0.00000000000000000e0
29,3,0,0.00000000000000000e0,0.00000000000000000e0
30,3,0,0.00000000000000000e0,0.00000000000000000e0
31,3,0,0.00000000000000000e0,0.00000000000000000e0
0,0,1,1.00000000000000000e0,0.00000000000000000e0
1,0,1,1.00000000000000000e0,0.00000000000000000e0
2,0,1,1.00000000000000000e0,0.00000000000000000e0
3,0,1,1.00000000000000000e0,0.00000000000000000e0
4,0,1,1.00000000000000000e0,0.00000000000000000e0
5,0,1,1.00000000000000000e0,0.00000000000000000e0
6,0,1,1.00000000000000000e0,0.00000000000000000e0
7,0,1,1.00000000000000000e0,0.00000000000000000e0
8,0,1,1.00000000000000000e0,0.00000000000000000e0
9,0,1,1.00000000000000000e0,0.00000000000000000e0
10,0,1,1.00000000000000000e0,0.00000000000000000e0
11,0,1,1.00000000000000000e0,0.00000000000000000e0
12,0,1,1.00000000000000000e0,0.00000000000000000e0
13,0,1,1.00000000000000000e0,0.00000000000000000e0
14,0,1,1.00000000000000000e0,0.00000000000000000e0
15,0,1,1.00000000000000000e0,0.00000000000000000e0
16,0,1,1.00000000000000000e0,0.00000000000000000e0
17,0,1,1.00000000000000000e0,0.00000000000000000e0
18,0,1,1.00000000000000000e0,0.00000000000000000e0
19,0,1,1.00000000000000000e0,0.00000000000000000e0
20,0,1,1.00000000000000000e0,0.00000000000000000e0
21,0,1,1.00000000000000000e0,0.00000000000000000e0
22,0,1,1.00000000000000000e0,0.00000000000000000e0
23,0,1,1.00000000000000000e0,0.00000000000000000e0
24,0,1,1.00000000000000000e0,0.00000000000000000e0
25,0,1,1.00000000000000000e0,0.00000000000000000e0
26,0,1,1.00000000000000000e0,0.00000000000000000e0
27,0,1,1.00000000000000000e0,0.00000000000000000e0
28,0,1,1.00000000000000000e0,0.00000000000000000e0
29,0,1,1.00000000000000000e0,0.00000000000000000e0
30,0,1,1.00000000000000000e0,0.00000000000000000e0
31,0,1,1.00000000000000000e0,0.00000000000000000e0
0,1,1,1.00000000000000000e0,0.00000000000000000e0
1,1,1,1.00000000000000000e0,0.00000000000000000e0
2,1,1,1.00000000000000000e0,0.00000000000000000e0
3,1,1,1.00000000000000000e0,0.00000000000000000e0
4,1,1,1.00000000000000000e0,0.00000000000000000e0
5,1,1,1.00000000000000000e0,0.00000000000000000e0
6,1,1,1.00000000000000000e0,0.00000000000000000e0
7,1,1,1.00000000000000000e0,0.00000000000000000e0
8,1,1,9.96793425572102265e-1,0.00000000000000000e0
9,1,1,9.77701932832330201e-1,0.00000000000000000e0
10,1,1,9.40252622712140607e-1,0.00000000000000000e0
11,1,1,8.85884651197638817e-1,0.00000000000000000e0
12,1,1,8.16687348944217462e-1,0.00000000000000000e0
13,1,1,7.35319929471181410e-1,0.00000000000000000e0
14,1,1,6.44909297077505883e-1,0.00000000000000000e0
15,1,1,5.48929881663209329e-1,0.00000000000000000e0
16,1,1,4.51070118336790671e-1,0.00000000000000000e0
17,1,1,3.55090702922494117e-1,0.00000000000000000e0
18,1,1,2.64680070528820366e-1,0.00000000000000000e0
19,1,1,1.83312651055780762e-1,0.00000000000000000e0
20,1,1,1.14115348802361183e-1,0.00000000000000000e0
21,1,1,5.97473772878593934e-2,0.00000000000000000e0
22,1,1,2.22980671676715758e-2,0.00000000000000000e0
23,1,1,3.20657442789595848e-3,0.00000000000000000e0
24,1,1,0.00000000000000000e0,0.00000000000000000e0
25,1,1,0.00000000000000000e0,0.00000000000000000e0
26,1,1,0.00000000000000000e0,0.00000000000000000e0
27,1,1,0.00000000000000000e0,0.00000000000000000e0
28,1,1,0.00000000000000000e0,0.00000000000000000e0
29,1,1,0.00000000000000000e0,0.00000000000000000e0
30,1,1,0.00000000000000000e0,0.00000000000000000e0
31,1,1,0.00000000000000000e0,0.00000000000000000e0
0,2,1,0.00000000000000000e0,0.00000000000000000e0
1,2,1,0.00000000000000000e0,0.00000000000000000e0
2,2,1,0.00000000000000000e0,0.00000000000000000e0
3,2,1,0.00000000000000000e0,0.00000000000000000e0
4,2,1,0.00000000000000000e0,0.00000000000000000e0
5,2,1,0.00000000000000000e0,0.00000000000000000e0
6,2,1,0.00000000000000000e0,0.00000000000000000e0
7,2,1,0.00000000000000000e0,0.00000000000000000e0
8,2,1,0.00000000000000000e0,0.00000000000000000e0
9,2,1,0.00000000000000000e0,0.00000000000000000e0
10,2,1,0.00000000000000000e0,0.00000000000000000e0
11,2,1,0.00000000000000000e0,0.00000000000000000e0
12,2,1,0.00000000000000000e0,0.00000000000000000e0
13,2,1,0.00000000000000000e0,0.00000000000000000e0
14,2,1,0.00000000000000000e0,0.00000000000000000e0
15,2,1,0.00000000000000000e0,0.00000000000000000e0
16,2,1,0.00000000000000000e0,0.00000000000000000e0
17,2,1,0.00000000000000000e0,0.00000000000000000e0
18,2,1,0.00000000000000000e0,0.00000000000000000e0
19,2,1,0.00000000000000000e0,0.00000000000000000e0
20,2,1,0.00000000000000000e0,0.00000000000000000e0
21,2,1,0.00000000000000000e0,0.00000000000000000e0
22,2,1,0.00000000000000000e0,0.00000000000000000e0
23,2,1,0.00000000000000000e0,0.00000000000000000e0
24,2,1,0.00000000000000000e0,0.00000000000000000e0
25,2,1,0.00000000000000000e0,0.00000000000000000e0
26,2,1,0.00000000000000000e0,0.00000000000000000e0
27,2,1,0.00000000000000000e0,0.00000000000000000e0
28,2,1,0.00000000000000000e0,0.00000000000000000e0
29,2,1,0.00000000000000000e0,0.00000000000000000e0
30,2,1,0.00000000000000000e0,0.00000000000000000e0
31,2,1,0.00000000000000000e0,0.00000000000000000e0
0,3,1,0.00000000000000000e0,0.00000000000000000e0
1,3,1,0.00000000000000000e0,0.00000000000000000e0
2,3,1,0.00000000000000000e0,0.00000000000000000e0
3,3,1,0.00000000000000000e0,0.00000000000000000e0
4,3,1,0.00000000000000000e0,0.00000000000000000e0
5,3,1,0.00000000000000000e0,0.00000000000000000e0
6,3,1,0.00000000000000000e0,0.00000000000000000e0
7,3,1,0.00000000000000000e0,0.00000000000000000e0
8,3,1,0.00000000000000000e0,0.00000000000000000e0
9,3,1,0.00000000000000000e0,0.00000000000000000e0
10,3,1,0.00000000000000000e0,0.00000000000000000e0
11,3,1,0.00000000000000000e0,0.00000000000000000e0
12,3,1,0.00000000000000000e0,0.00000000000000000e0
13,3,1,0.00000000000000000e0,0.00000000000000000e0
14,3,1,0.00000000000000000e0,0.00000000000000000e0
15,3,1,0.00000000000000000e0,0.00000000000000000e0
16,3,1,0.00000000000000000e0,0.00000000000000000e0
17,3,1,0.00000000000000000e0,0.00000000000000000e0
18,3,1,0.00000000000000000e0,0.00000000000000000e0
19,3,1,0.00000000000000000e0,0.00000000000000000e0
20,3,1,0.00000000000000000e0,0.00000000000000000e0
21,3,1,0.00000000000000000e0,0.00000000000000000e0
22,3,1,0.00000000000000000e0,0.00000000000000000e0
23,3,1,0.00000000000000000e0,0.00000000000000000e0
24,3,1,0.00000000000000000e0,0.00000000000000000e0
25,3,1,0.00000000000000000e0,0.00000000000000000e0
26,3,1,0.00000000000000000e0,0.00000000000000000e0
27,3,1,0.00000000000000000e0,0.00000000000000000e0
28,3,1,0.00000000000000000e0,0.00000000000000000e0
29,3,1,0.00000000000000000e0,0.00000000000000000e0
30,3,1,0.00000000000000000e0,0.00000000000000000e0
31,3,1,0.00000000000000000e0,0.00000000000000000e0
