cell,pressure
0,0.00000000000000000e0
1,-2.49999999999985221e2
2,-4.99999999999922011e2
3,-7.49999999999887564e2
4,-9.99999999999771944e2
5,-1.24999999999965075e3
6,-1.49999999999958777e3
7,-1.74999999999955139e3
8,-1.99999999999948591e3
9,-2.24999999999955662e3
10,-2.49999999999960028e3
11,-2.74999999999957754e3
12,-2.99999999999958209e3
13,-3.24999999999955935e3
14,-3.49999999999959209e3
15,-3.74999999999969577e3
16,-3.99999999999971897e3
17,-4.24999999999982174e3
18,-4.49999999999984720e3
19,-4.74999999999981173e3
20,-4.99999999999988722e3
21,-5.24999999999993179e3
22,-5.50000000000006003e3
23,-5.75000000000010186e3
24,-6.00000000000015552e3
25,-6.25000000000022737e3
26,-6.50000000000026648e3
27,-6.75000000000027194e3
28,-7.00000000000028831e3
29,-7.25000000000027558e3
30,-7.50000000000026830e3
31,-7.75000000000028649e3
32,1.29632953776127918e-11
33,-2.49999999999976836e2
34,-4.99999999999921840e2
35,-7.49999999999878582e2
36,-9.99999999999816623e2
37,-1.24999999999978741e3
38,-1.49999999999973716e3
39,-1.74999999999974284e3
40,-1.99999999999975648e3
41,-2.24999999999974443e3
42,-2.49999999999969850e3
43,-2.74999999999971669e3
44,-2.99999999999974125e3
45,-3.24999999999980037e3
46,-3.49999999999983947e3
47,-3.74999999999981492e3
48,-3.99999999999986721e3
49,-4.24999999999987267e3
50,-4.49999999999988631e3
51,-4.74999999999995543e3
52,-4.99999999999997453e3
53,-5.25000000000000819e3
54,-5.50000000000008004e3
55,-5.75000000000013733e3
56,-6.00000000000024102e3
57,-6.25000000000034925e3
58,-6.50000000000045929e3
59,-6.75000000000053842e3
60,-7.00000000000053842e3
61,-7.25000000000052205e3
62,-7.50000000000048931e3
63,-7.75000000000048931e3
64,-4.64385996051156236e-11
65,-2.50000000000059970e2
66,-5.00000000000025750e2
67,-7.50000000000005116e2
68,-9.99999999999961688e2
69,-1.24999999999993156e3
70,-1.49999999999989723e3
71,-1.74999999999984857e3
72,-1.99999999999982379e3
73,-2.24999999999981628e3
74,-2.49999999999975216e3
75,-2.74999999999977263e3
76,-2.99999999999979445e3
77,-3.24999999999982538e3
78,-3.49999999999989450e3
79,-3.74999999999994770e3
80,-3.99999999999997499e3
81,-4.25000000000000546e3
82,-4.50000000000009641e3
83,-4.75000000000016462e3
84,-5.00000000000022555e3
85,-5.25000000000029922e3
86,-5.50000000000029104e3
87,-5.75000000000028922e3
88,-6.00000000000033106e3
89,-6.25000000000030286e3
90,-6.50000000000037744e3
91,-6.75000000000043201e3
92,-7.00000000000044474e3
93,-7.25000000000048294e3
94,-7.50000000000049477e3
95,-7.75000000000045475e3
96,2.71385808195713139e-11
97,-2.49999999999945175e2
98,-4.99999999999979309e2
99,-7.50000000000019327e2
100,-1.00000000000001251e3
101,-1.24999999999998158e3
102,-1.49999999999996430e3
103,-1.74999999999987131e3
104,-1.99999999999981310e3
105,-2.24999999999984266e3
106,-2.49999999999989268e3
107,-2.74999999999982856e3
108,-2.99999999999983811e3
109,-3.24999999999993770e3
110,-3.50000000000007412e3
111,-3.75000000000017053e3
112,-4.00000000000015962e3
113,-4.25000000000015916e3
114,-4.50000000000022101e3
115,-4.75000000000028012e3
116,-5.00000000000026921e3
117,-5.25000000000026648e3
118,-5.50000000000033106e3
119,-5.75000000000036653e3
120,-6.00000000000031378e3
121,-6.25000000000028103e3
122,-6.50000000000027376e3
123,-6.75000000000032196e3
124,-7.00000000000031650e3
125,-7.25000000000034561e3
126,-7.50000000000037926e3
127,-7.75000000000038108e3
128,1.96883277208307544e-10
129,-2.49999999999801560e2
130,-4.99999999999819465e2
131,-7.49999999999849479e2
132,-9.99999999999859028e2
133,-1.24999999999991542e3
134,-1.49999999999994225e3
135,-1.74999999999993088e3
136,-1.99999999999997453e3
137,-2.24999999999995543e3
138,-2.49999999999995225e3
139,-2.74999999999989677e3
140,-2.99999999999992042e3
141,-3.25000000000001364e3
142,-3.50000000000008140e3
143,-3.75000000000008004e3
144,-4.00000000000008686e3
145,-4.25000000000012824e3
146,-4.50000000000016826e3
147,-4.75000000000018645e3
148,-5.00000000000016644e3
149,-5.25000000000017462e3
150,-5.50000000000019827e3
151,-5.75000000000020282e3
152,-6.00000000000017917e3
153,-6.25000000000017189e3
154,-6.50000000000017826e3
155,-6.75000000000013279e3
156,-7.00000000000009823e3
157,-7.25000000000006366e3
158,-7.50000000000004184e3
159,-7.74999999999999454e3
160,2.77180695555713235e-10
161,-2.49999999999707228e2
162,-4.99999999999673832e2
163,-7.49999999999664396e2
164,-9.99999999999668375e2
165,-1.24999999999970578e3
166,-1.49999999999979127e3
167,-1.74999999999986062e3
168,-1.99999999999990246e3
169,-2.24999999999991041e3
170,-2.49999999999991314e3
171,-2.74999999999997499e3
172,-3.00000000000004775e3
173,-3.25000000000010959e3
174,-3.50000000000012642e3
175,-3.75000000000016189e3
176,-4.00000000000016826e3
177,-4.25000000000015461e3
178,-4.50000000000016917e3
179,-4.75000000000013733e3
180,-5.00000000000019918e3
181,-5.25000000000021100e3
182,-5.50000000000010914e3
183,-5.75000000000006003e3
184,-6.00000000000005548e3
185,-6.25000000000005002e3
186,-6.50000000000002365e3
187,-6.74999999999998090e3
188,-6.99999999999989177e3
189,-7.24999999999978627e3
190,-7.49999999999972897e3
191,-7.74999999999967713e3
192,3.35935070211989320e-10
193,-2.49999999999629836e2
194,-4.99999999999607439e2
195,-7.49999999999552074e2
196,-9.99999999999551960e2
197,-1.24999999999955890e3
198,-1.49999999999958345e3
199,-1.74999999999969054e3
200,-1.99999999999973215e3
201,-2.24999999999985494e3
202,-2.49999999999997681e3
203,-2.75000000000009095e3
204,-3.00000000000016962e3
205,-3.25000000000024011e3
206,-3.50000000000031741e3
207,-3.75000000000031150e3
208,-4.00000000000033015e3
209,-4.25000000000032196e3
210,-4.50000000000024465e3
211,-4.75000000000021100e3
212,-5.00000000000013097e3
213,-5.25000000000004911e3
214,-5.49999999999996999e3
215,-5.74999999999989268e3
216,-5.99999999999985812e3
217,-6.24999999999985539e3
218,-6.49999999999979900e3
219,-6.74999999999976444e3
220,-6.99999999999969987e3
221,-7.24999999999964530e3
222,-7.49999999999959527e3
223,-7.74999999999961528e3
224,5.62485469703676889e-10
225,-2.49999999999459732e2
226,-4.99999999999495174e2
227,-7.49999999999523652e2
228,-9.99999999999570946e2
229,-1.24999999999963075e3
230,-1.49999999999960937e3
231,-1.74999999999967736e3
232,-1.99999999999972351e3
233,-2.24999999999979445e3
234,-2.49999999999993906e3
235,-2.75000000000006503e3
236,-3.00000000000017917e3
237,-3.25000000000021600e3
238,-3.50000000000030786e3
239,-3.75000000000036425e3
240,-4.00000000000039745e3
241,-4.25000000000038290e3
242,-4.50000000000029104e3
243,-4.75000000000014825e3
244,-5.00000000000001728e3
245,-5.24999999999985903e3
246,-5.49999999999979354e3
247,-5.74999999999969259e3
248,-5.99999999999961346e3
249,-6.24999999999952524e3
250,-6.49999999999947431e3
251,-6.74999999999941519e3
252,-6.99999999999945976e3
253,-7.24999999999949159e3
254,-7.49999999999954161e3
255,-7.74999999999954980e3
256,-5.01950655460618722e-11
257,-2.50000000000060311e2
258,-5.00000000000117666e2
259,-7.50000000000150294e2
260,-1.00000000000019941e3
261,-1.25000000000020714e3
262,-1.50000000000019168e3
263,-1.75000000000019872e3
264,-2.00000000000020668e3
265,-2.25000000000022601e3
266,-2.50000000000021328e3
267,-2.75000000000026284e3
268,-3.00000000000025466e3
269,-3.25000000000021691e3
270,-3.50000000000014688e3
271,-3.75000000000005866e3
272,-3.99999999999999955e3
273,-4.24999999999993634e3
274,-4.49999999999990177e3
275,-4.74999999999991178e3
276,-4.99999999999983083e3
277,-5.24999999999973443e3
278,-5.49999999999966803e3
279,-5.74999999999958254e3
280,-5.99999999999955253e3
281,-6.24999999999951797e3
282,-6.49999999999944521e3
283,-6.74999999999934062e3
284,-6.99999999999930242e3
285,-7.24999999999919146e3
286,-7.49999999999919692e3
287,-7.74999999999917327e3
288,-6.07110225923578902e-11
289,-2.50000000000059600e2
290,-5.00000000000069463e2
291,-7.50000000000054911e2
292,-1.00000000000007037e3
293,-1.25000000000011914e3
294,-1.50000000000013074e3
295,-1.75000000000016462e3
296,-2.00000000000020054e3
297,-2.25000000000021055e3
298,-2.50000000000020736e3
299,-2.75000000000020145e3
300,-3.00000000000022828e3
301,-3.25000000000022510e3
302,-3.50000000000019236e3
303,-3.75000000000016007e3
304,-4.00000000000012687e3
305,-4.25000000000012369e3
306,-4.50000000000010823e3
307,-4.75000000000002910e3
308,-4.99999999999996180e3
309,-5.24999999999994543e3
310,-5.49999999999989814e3
311,-5.74999999999979809e3
312,-5.99999999999968895e3
313,-6.24999999999962347e3
314,-6.49999999999954616e3
315,-6.74999999999951979e3
316,-6.99999999999945157e3
317,-7.24999999999941883e3
318,-7.49999999999934153e3
319,-7.74999999999935790e3
320,-1.01723057589685335e-10
321,-2.50000000000089187e2
322,-5.00000000000091973e2
323,-7.50000000000126647e2
324,-1.00000000000013210e3
325,-1.25000000000014848e3
326,-1.50000000000018235e3
327,-1.75000000000017644e3
328,-2.00000000000018031e3
329,-2.25000000000022192e3
330,-2.50000000000026557e3
331,-2.75000000000024920e3
332,-3.00000000000027376e3
333,-3.25000000000032060e3
334,-3.50000000000033106e3
335,-3.75000000000036607e3
336,-4.00000000000035197e3
337,-4.25000000000034379e3
338,-4.50000000000023647e3
339,-4.75000000000016917e3
340,-5.00000000000017462e3
341,-5.25000000000019008e3
342,-5.50000000000010004e3
343,-5.74999999999997453e3
344,-5.99999999999985721e3
345,-6.24999999999972533e3
346,-6.49999999999966985e3
347,-6.74999999999960801e3
348,-6.99999999999959709e3
349,-7.24999999999960437e3
350,-7.49999999999964621e3
351,-7.74999999999963893e3
352,-1.66665018138429617e-10
353,-2.50000000000160071e2
354,-5.00000000000162686e2
355,-7.50000000000151772e2
356,-1.00000000000015518e3
357,-1.25000000000015780e3
358,-1.50000000000015871e3
359,-1.75000000000016894e3
360,-2.00000000000019168e3
361,-2.25000000000020691e3
362,-2.50000000000028695e3
363,-2.75000000000034061e3
364,-3.00000000000036789e3
365,-3.25000000000040018e3
366,-3.50000000000045475e3
367,-3.75000000000040563e3
368,-4.00000000000040109e3
369,-4.25000000000034197e3
370,-4.50000000000029559e3
371,-4.75000000000020464e3
372,-5.00000000000021191e3
373,-5.25000000000018917e3
374,-5.50000000000014552e3
375,-5.75000000000008822e3
376,-5.99999999999996544e3
377,-6.24999999999995089e3
378,-6.49999999999988995e3
379,-6.74999999999987449e3
380,-6.99999999999983629e3
381,-7.24999999999985357e3
382,-7.49999999999989723e3
383,-7.74999999999987449e3
384,2.67509370492952367e-12
385,-2.50000000000006878e2
386,-4.99999999999991360e2
387,-7.49999999999970214e2
388,-9.99999999999973284e2
389,-1.24999999999999704e3
390,-1.50000000000000955e3
391,-1.75000000000005912e3
392,-2.00000000000009709e3
393,-2.25000000000013461e3
394,-2.50000000000016644e3
395,-2.75000000000027376e3
396,-3.00000000000029195e3
397,-3.25000000000033833e3
398,-3.50000000000035743e3
399,-3.75000000000033378e3
400,-4.00000000000030468e3
401,-4.25000000000024102e3
402,-4.50000000000024920e3
403,-4.75000000000032560e3
404,-5.00000000000033197e3
405,-5.25000000000030286e3
406,-5.50000000000022828e3
407,-5.75000000000022192e3
408,-6.00000000000022283e3
409,-6.25000000000014279e3
410,-6.50000000000008822e3
411,-6.75000000000004184e3
412,-6.99999999999997726e3
413,-7.24999999999996999e3
414,-7.49999999999989541e3
415,-7.74999999999989450e3
416,2.65733374890423190e-10
417,-2.49999999999772285e2
418,-4.99999999999790248e2
419,-7.49999999999837428e2
420,-9.99999999999916668e2
421,-1.24999999999995339e3
422,-1.50000000000001501e3
423,-1.75000000000007481e3
424,-2.00000000000012005e3
425,-2.25000000000016280e3
426,-2.50000000000020646e3
427,-2.75000000000026876e3
428,-3.00000000000036289e3
429,-3.25000000000042928e3
430,-3.50000000000043656e3
431,-3.75000000000041109e3
432,-4.00000000000035607e3
433,-4.25000000000032014e3
434,-4.50000000000027831e3
435,-4.75000000000025102e3
436,-5.00000000000026193e3
437,-5.25000000000024920e3
438,-5.50000000000023920e3
439,-5.75000000000011642e3
440,-6.00000000000006003e3
441,-6.24999999999997726e3
442,-6.49999999999985630e3
443,-6.74999999999971988e3
444,-6.99999999999965348e3
445,-7.24999999999958618e3
446,-7.49999999999957345e3
447,-7.74999999999957981e3
448,3.87073854765044514e-10
449,-2.49999999999640778e2
450,-4.99999999999670933e2
451,-7.49999999999719648e2
452,-9.99999999999812871e2
453,-1.24999999999992883e3
454,-1.50000000000005684e3
455,-1.75000000000017644e3
456,-2.00000000000029854e3
457,-2.25000000000036243e3
458,-2.50000000000046748e3
459,-2.75000000000057253e3
460,-3.00000000000064165e3
461,-3.25000000000061982e3
462,-3.50000000000054433e3
463,-3.75000000000050750e3
464,-4.00000000000047703e3
465,-4.25000000000044110e3
466,-4.50000000000034015e3
467,-4.75000000000024920e3
468,-5.00000000000016644e3
469,-5.25000000000012369e3
470,-5.50000000000005184e3
471,-5.74999999999989905e3
472,-5.99999999999972260e3
473,-6.24999999999958163e3
474,-6.49999999999944885e3
475,-6.74999999999932879e3
476,-6.99999999999924239e3
477,-7.24999999999918873e3
478,-7.49999999999915690e3
479,-7.74999999999915144e3
480,5.37842642281637771e-10
481,-2.49999999999480991e2
482,-4.99999999999540421e2
483,-7.49999999999644388e2
484,-9.99999999999770694e2
485,-1.24999999999991542e3
486,-1.50000000000006185e3
487,-1.75000000000017531e3
488,-2.00000000000034242e3
489,-2.25000000000048658e3
490,-2.50000000000059163e3
491,-2.75000000000070486e3
492,-3.00000000000071395e3
493,-3.25000000000070850e3
494,-3.50000000000071850e3
495,-3.75000000000065984e3
496,-4.00000000000059163e3
497,-4.25000000000050477e3
498,-4.50000000000044474e3
499,-4.75000000000037471e3
500,-5.00000000000027194e3
501,-5.25000000000007913e3
502,-5.49999999999989086e3
503,-5.74999999999980628e3
504,-5.99999999999969259e3
505,-6.24999999999952615e3
506,-6.49999999999938427e3
507,-6.74999999999926422e3
508,-6.99999999999915144e3
509,-7.24999999999906686e3
510,-7.49999999999904321e3
511,-7.74999999999899319e3
512,8.49154869938421770e-10
513,-2.49999999999183927e2
514,-4.99999999999201123e2
515,-7.49999999999282522e2
516,-9.99999999999362785e2
517,-1.24999999999944657e3
518,-1.49999999999953138e3
519,-1.74999999999962483e3
520,-1.99999999999977058e3
521,-2.24999999999988449e3
522,-2.50000000000001683e3
523,-2.75000000000016416e3
524,-3.00000000000025420e3
525,-3.25000000000027239e3
526,-3.50000000000022828e3
527,-3.75000000000016462e3
528,-4.00000000000010232e3
529,-4.25000000000002819e3
530,-4.49999999999995180e3
531,-4.74999999999990268e3
532,-4.99999999999993543e3
533,-5.24999999999985812e3
534,-5.49999999999969168e3
535,-5.74999999999960255e3
536,-5.99999999999952797e3
537,-6.24999999999940883e3
538,-6.49999999999928787e3
539,-6.74999999999910870e3
540,-6.99999999999892498e3
541,-7.24999999999882311e3
542,-7.49999999999875308e3
543,-7.74999999999873580e3
544,5.64048154231253786e-10
545,-2.49999999999422272e2
546,-4.99999999999404622e2
547,-7.49999999999391321e2
548,-9.99999999999424176e2
549,-1.24999999999948614e3
550,-1.49999999999960369e3
551,-1.74999999999970260e3
552,-1.99999999999983152e3
553,-2.24999999999990814e3
554,-2.50000000000000000e3
555,-2.75000000000008913e3
556,-3.00000000000015098e3
557,-3.25000000000019827e3
558,-3.50000000000018053e3
559,-3.75000000000017508e3
560,-4.00000000000018235e3
561,-4.25000000000014370e3
562,-4.50000000000009823e3
563,-4.75000000000008367e3
564,-5.00000000000005457e3
565,-5.24999999999997362e3
566,-5.49999999999994270e3
567,-5.74999999999994998e3
568,-5.99999999999984266e3
569,-6.24999999999966258e3
570,-6.49999999999951251e3
571,-6.74999999999933971e3
572,-6.99999999999919783e3
573,-7.24999999999911324e3
574,-7.49999999999903503e3
575,-7.74999999999902229e3
576,2.23312988704603117e-10
577,-2.49999999999782972e2
578,-4.99999999999770296e2
579,-7.49999999999753641e2
580,-9.99999999999770466e2
581,-1.24999999999979923e3
582,-1.49999999999983515e3
583,-1.74999999999991542e3
584,-1.99999999999997863e3
585,-2.25000000000005821e3
586,-2.50000000000010823e3
587,-2.75000000000016462e3
588,-3.00000000000024875e3
589,-3.25000000000030195e3
590,-3.50000000000032878e3
591,-3.75000000000031241e3
592,-4.00000000000028513e3
593,-4.25000000000024647e3
594,-4.50000000000017644e3
595,-4.75000000000007185e3
596,-4.99999999999996362e3
597,-5.25000000000000909e3
598,-5.50000000000009095e3
599,-5.75000000000002092e3
600,-5.99999999999993906e3
601,-6.24999999999986176e3
602,-6.49999999999971442e3
603,-6.74999999999963165e3
604,-6.99999999999957981e3
605,-7.24999999999955344e3
606,-7.49999999999954707e3
607,-7.74999999999956435e3
608,2.17431784052532006e-10
609,-2.49999999999765549e2
610,-4.99999999999778311e2
611,-7.49999999999774786e2
612,-9.99999999999824695e2
613,-1.24999999999988859e3
614,-1.49999999999995134e3
615,-1.75000000000003411e3
616,-2.00000000000009345e3
617,-2.25000000000016735e3
618,-2.50000000000026239e3
619,-2.75000000000037971e3
620,-3.00000000000041337e3
621,-3.25000000000040927e3
622,-3.50000000000041018e3
623,-3.75000000000040563e3
624,-4.00000000000037517e3
625,-4.25000000000034925e3
626,-4.50000000000022646e3
627,-4.75000000000007549e3
628,-5.00000000000005366e3
629,-5.25000000000011551e3
630,-5.50000000000009368e3
631,-5.74999999999997453e3
632,-5.99999999999997999e3
633,-6.25000000000000546e3
634,-6.49999999999999454e3
635,-6.74999999999997999e3
636,-6.99999999999998818e3
637,-7.25000000000001273e3
638,-7.50000000000001819e3
639,-7.75000000000003547e3
640,2.11872776333258649e-10
641,-2.49999999999801616e2
642,-4.99999999999819693e2
643,-7.49999999999881652e2
644,-9.99999999999936449e2
645,-1.24999999999997590e3
646,-1.50000000000003774e3
647,-1.75000000000007185e3
648,-2.00000000000009300e3
649,-2.25000000000015007e3
650,-2.50000000000023601e3
651,-2.75000000000028558e3
652,-3.00000000000025966e3
653,-3.25000000000026466e3
654,-3.50000000000027694e3
655,-3.75000000000031605e3
656,-4.00000000000033970e3
657,-4.25000000000034015e3
658,-4.50000000000032378e3
659,-4.75000000000035834e3
660,-5.00000000000041382e3
661,-5.25000000000030286e3
662,-5.50000000000016826e3
663,-5.75000000000018827e3
664,-6.00000000000019736e3
665,-6.25000000000020191e3
666,-6.50000000000019281e3
667,-6.75000000000018281e3
668,-7.00000000000017553e3
669,-7.25000000000013642e3
670,-7.50000000000012278e3
671,-7.75000000000013006e3
672,2.70752369596083707e-10
673,-2.49999999999754323e2
674,-4.99999999999840099e2
675,-7.49999999999928264e2
676,-1.00000000000000864e3
677,-1.25000000000008072e3
678,-1.50000000000010027e3
679,-1.75000000000013779e3
680,-2.00000000000016621e3
681,-2.25000000000016644e3
682,-2.50000000000013142e3
683,-2.75000000000009686e3
684,-3.00000000000013233e3
685,-3.25000000000015280e3
686,-3.50000000000021828e3
687,-3.75000000000026830e3
688,-4.00000000000028649e3
689,-4.25000000000028922e3
690,-4.50000000000034015e3
691,-4.75000000000044020e3
692,-5.00000000000043201e3
693,-5.25000000000031014e3
694,-5.50000000000026284e3
695,-5.75000000000024738e3
696,-6.00000000000016371e3
697,-6.25000000000003638e3
698,-6.49999999999996999e3
699,-6.74999999999994907e3
700,-6.99999999999992633e3
701,-7.24999999999990359e3
702,-7.49999999999989268e3
703,-7.74999999999986903e3
704,2.88247149195955922e-10
705,-2.49999999999739117e2
706,-4.99999999999769841e2
707,-7.49999999999813099e2
708,-9.99999999999854140e2
709,-1.24999999999995839e3
710,-1.50000000000003774e3
711,-1.75000000000012096e3
712,-2.00000000000017212e3
713,-2.25000000000014643e3
714,-2.50000000000011914e3
715,-2.75000000000013961e3
716,-3.00000000000011596e3
717,-3.25000000000010914e3
718,-3.50000000000012642e3
719,-3.75000000000020736e3
720,-4.00000000000024920e3
721,-4.25000000000028740e3
722,-4.50000000000033742e3
723,-4.75000000000031196e3
724,-5.00000000000029650e3
725,-5.25000000000023010e3
726,-5.50000000000015098e3
727,-5.75000000000007185e3
728,-6.00000000000000182e3
729,-6.24999999999991087e3
730,-6.49999999999980719e3
731,-6.74999999999972442e3
732,-6.99999999999966076e3
733,-7.24999999999964075e3
734,-7.49999999999962620e3
735,-7.74999999999959164e3
736,2.10380739634920259e-10
737,-2.49999999999805425e2
738,-4.99999999999840270e2
739,-7.49999999999893475e2
740,-9.99999999999934630e2
741,-1.24999999999991041e3
742,-1.49999999999994725e3
743,-1.74999999999996339e3
744,-1.99999999999996817e3
745,-2.25000000000000045e3
746,-2.50000000000004866e3
747,-2.75000000000002819e3
748,-3.00000000000007503e3
749,-3.25000000000009322e3
750,-3.50000000000010778e3
751,-3.75000000000014734e3
752,-4.00000000000015325e3
753,-4.25000000000016917e3
754,-4.50000000000025830e3
755,-4.75000000000032924e3
756,-5.00000000000030559e3
757,-5.25000000000033197e3
758,-5.50000000000033288e3
759,-5.75000000000037653e3
760,-6.00000000000026557e3
761,-6.25000000000017735e3
762,-6.50000000000002728e3
763,-6.74999999999991633e3
764,-6.99999999999977717e3
765,-7.24999999999961983e3
766,-7.49999999999952433e3
767,-7.74999999999952161e3
768,4.10573253052349774e-10
769,-2.49999999999640409e2
770,-4.99999999999681222e2
771,-7.49999999999778765e2
772,-9.99999999999847432e2
773,-1.24999999999988700e3
774,-1.49999999999991246e3
775,-1.74999999999996544e3
776,-1.99999999999998408e3
777,-2.25000000000009413e3
778,-2.50000000000018781e3
779,-2.75000000000022965e3
780,-3.00000000000019736e3
781,-3.25000000000013551e3
782,-3.50000000000006094e3
783,-3.75000000000001046e3
784,-3.99999999999994952e3
785,-4.24999999999990814e3
786,-4.49999999999991996e3
787,-4.74999999999990632e3
788,-4.99999999999997272e3
789,-5.25000000000010277e3
790,-5.50000000000000364e3
791,-5.74999999999984448e3
792,-5.99999999999973079e3
793,-6.24999999999969259e3
794,-6.49999999999974352e3
795,-6.74999999999988086e3
796,-6.99999999999983447e3
797,-7.24999999999978991e3
798,-7.49999999999972533e3
799,-7.74999999999962347e3
800,1.06488571793535475e-10
801,-2.49999999999892935e2
802,-4.99999999999915133e2
803,-7.49999999999942929e2
804,-1.00000000000000614e3
805,-1.25000000000004843e3
806,-1.50000000000012528e3
807,-1.75000000000017121e3
808,-2.00000000000018213e3
809,-2.25000000000018053e3
810,-2.50000000000017099e3
811,-2.75000000000018417e3
812,-3.00000000000013779e3
813,-3.25000000000017644e3
814,-3.50000000000021873e3
815,-3.75000000000020691e3
816,-4.00000000000020100e3
817,-4.25000000000015098e3
818,-4.50000000000012096e3
819,-4.75000000000013279e3
820,-5.00000000000015643e3
821,-5.25000000000008640e3
822,-5.50000000000002456e3
823,-5.75000000000002638e3
824,-6.00000000000004093e3
825,-6.24999999999999454e3
826,-6.49999999999996908e3
827,-6.74999999999994088e3
828,-6.99999999999992269e3
829,-7.24999999999997272e3
830,-7.50000000000004911e3
831,-7.75000000000002001e3
832,-1.05899101981363598e-10
833,-2.50000000000121958e2
834,-5.00000000000094019e2
835,-7.50000000000065256e2
836,-1.00000000000003320e3
837,-1.25000000000003638e3
838,-1.50000000000007458e3
839,-1.75000000000014620e3
840,-2.00000000000022055e3
841,-2.25000000000023920e3
842,-2.50000000000026557e3
843,-2.75000000000033742e3
844,-3.00000000000036516e3
845,-3.25000000000036971e3
846,-3.50000000000038926e3
847,-3.75000000000038153e3
848,-4.00000000000035334e3
849,-4.25000000000032196e3
850,-4.50000000000040473e3
851,-4.75000000000042564e3
852,-5.00000000000031559e3
853,-5.25000000000019281e3
854,-5.50000000000017189e3
855,-5.75000000000024102e3
856,-6.00000000000023556e3
857,-6.25000000000023374e3
858,-6.50000000000018736e3
859,-6.75000000000011278e3
860,-7.00000000000010368e3
861,-7.25000000000010095e3
862,-7.50000000000008640e3
863,-7.75000000000014006e3
864,4.86811374352297026e-10
865,-2.49999999999551420e2
866,-4.99999999999582428e2
867,-7.49999999999673037e2
868,-9.99999999999743068e2
869,-1.24999999999984720e3
870,-1.49999999999993315e3
871,-1.74999999999998704e3
872,-2.00000000000007867e3
873,-2.25000000000017235e3
874,-2.50000000000024511e3
875,-2.75000000000028376e3
876,-3.00000000000035243e3
877,-3.25000000000044793e3
878,-3.50000000000050841e3
879,-3.75000000000052660e3
880,-4.00000000000053342e3
881,-4.25000000000053660e3
882,-4.50000000000056843e3
883,-4.75000000000051477e3
884,-5.00000000000033197e3
885,-5.25000000000026739e3
886,-5.50000000000026648e3
887,-5.75000000000028831e3
888,-6.00000000000030650e3
889,-6.25000000000036653e3
890,-6.50000000000042655e3
891,-6.75000000000046293e3
892,-7.00000000000050477e3
893,-7.25000000000044383e3
894,-7.50000000000039472e3
895,-7.75000000000036107e3
896,7.92005603843962261e-10
897,-2.49999999999179039e2
898,-4.99999999999269448e2
899,-7.49999999999354941e2
900,-9.99999999999508077e2
901,-1.24999999999964780e3
902,-1.49999999999981060e3
903,-1.74999999999990837e3
904,-1.99999999999998772e3
905,-2.25000000000007594e3
906,-2.50000000000009049e3
907,-2.75000000000003911e3
908,-3.00000000000008595e3
909,-3.25000000000016462e3
910,-3.50000000000030377e3
911,-3.75000000000045657e3
912,-4.00000000000059663e3
913,-4.25000000000069394e3
914,-4.50000000000060390e3
915,-4.75000000000048203e3
916,-5.00000000000043929e3
917,-5.25000000000039381e3
918,-5.50000000000038926e3
919,-5.75000000000034288e3
920,-6.00000000000038472e3
921,-6.25000000000040382e3
922,-6.50000000000039381e3
923,-6.75000000000039017e3
924,-7.00000000000038017e3
925,-7.25000000000035743e3
926,-7.50000000000040291e3
927,-7.75000000000037744e3
928,7.00294068341708119e-10
929,-2.49999999999326519e2
930,-4.99999999999339252e2
931,-7.49999999999434522e2
932,-9.99999999999479314e2
933,-1.24999999999960141e3
934,-1.49999999999971874e3
935,-1.74999999999984561e3
936,-1.99999999999995430e3
937,-2.25000000000002319e3
938,-2.50000000000004093e3
939,-2.75000000000008595e3
940,-3.00000000000009595e3
941,-3.25000000000008731e3
942,-3.50000000000019827e3
943,-3.75000000000030923e3
944,-4.00000000000046884e3
945,-4.25000000000047294e3
946,-4.50000000000038381e3
947,-4.75000000000036016e3
948,-5.00000000000035379e3
949,-5.25000000000027103e3
950,-5.50000000000015280e3
951,-5.75000000000005548e3
952,-5.99999999999998181e3
953,-6.24999999999987267e3
954,-6.49999999999977808e3
955,-6.74999999999980264e3
956,-6.99999999999978263e3
957,-7.24999999999981173e3
958,-7.49999999999977535e3
959,-7.74999999999982811e3
960,5.69007083134716739e-10
961,-2.49999999999434095e2
962,-4.99999999999480735e2
963,-7.49999999999525016e2
964,-9.99999999999600504e2
965,-1.24999999999968622e3
966,-1.49999999999978672e3
967,-1.74999999999993906e3
968,-2.00000000000002706e3
969,-2.25000000000011778e3
970,-2.50000000000015325e3
971,-2.75000000000012824e3
972,-3.00000000000007867e3
973,-3.25000000000011050e3
974,-3.50000000000017599e3
975,-3.75000000000029377e3
976,-4.00000000000023829e3
977,-4.25000000000017189e3
978,-4.50000000000006821e3
979,-4.74999999999994452e3
980,-4.99999999999987813e3
981,-5.24999999999982629e3
982,-5.49999999999975171e3
983,-5.74999999999967167e3
984,-5.99999999999955253e3
985,-6.24999999999948614e3
986,-6.49999999999940428e3
987,-6.74999999999933971e3
988,-6.99999999999934698e3
989,-7.24999999999928878e3
990,-7.49999999999933425e3
991,-7.74999999999932788e3
992,5.77331997726243169e-10
993,-2.49999999999468514e2
994,-4.99999999999578790e2
995,-7.49999999999717943e2
996,-9.99999999999861075e2
997,-1.24999999999993520e3
998,-1.50000000000004070e3
999,-1.75000000000008640e3
1000,-2.00000000000014347e3
1001,-2.25000000000013370e3
1002,-2.50000000000015461e3
1003,-2.75000000000008868e3
1004,-3.00000000000000045e3
1005,-3.24999999999995907e3
1006,-3.49999999999995271e3
1007,-3.74999999999998136e3
1008,-4.00000000000002274e3
1009,-4.24999999999992997e3
1010,-4.49999999999982174e3
1011,-4.74999999999972442e3
1012,-4.99999999999971260e3
1013,-5.24999999999967804e3
1014,-5.49999999999972351e3
1015,-5.74999999999971260e3
1016,-5.99999999999966167e3
1017,-6.24999999999958163e3
1018,-6.49999999999947795e3
1019,-6.74999999999936972e3
1020,-6.99999999999927604e3
1021,-7.24999999999922329e3
1022,-7.49999999999915144e3
1023,-7.74999999999917691e3
