step,dt,stability,volume,mass_volume_error,mass_volume_budget,kinetic_before,kinetic_after,dissipation_before,update_energy,rounding_work,identity_error,energy_budget,force0,force1,force_budget0,force_budget1,momentum_before0,momentum_before1,momentum_after0,momentum_after1,rounding_momentum0,rounding_momentum1,momentum_error0,momentum_error1,momentum_budget0,momentum_budget1,geometry_id,geometry_version,workspace_bytes
1,7.81250000000000043e-4,1.27001953125000008e-2,7.50000000000000000e-1,0.00000000000000000e0,2.13162820728030056e-14,7.03334800232386037e-1,7.02795392210035397e-1,6.90556066214546127e-1,1.03456057598680550e-7,-1.45516780929983630e-8,-3.18358507821998608e-17,2.27501500600229120e-8,0.00000000000000000e0,0.00000000000000000e0,9.97692734203064302e-15,4.98846367101532151e-15,-1.67523346403115544e-4,-8.37616732015577722e-5,-1.67526633423946414e-4,-8.37633167119732069e-5,-3.28702082709382858e-9,-1.64351041354691429e-9,-3.77557408895030144e-18,-1.88778704447515072e-18,4.06371296866424520e-14,2.03185648433212260e-14,1,0,560
2,7.81250000000000043e-4,1.27001953125000008e-2,7.50000000000000000e-1,0.00000000000000000e0,2.13162820728030056e-14,7.02795392210035397e-1,7.02256417966895086e-1,6.90026458485496486e-1,1.03376713763649665e-7,5.55083772470186212e-9,-5.28226454956155263e-18,2.95247708127479032e-8,0.00000000000000000e0,0.00000000000000000e0,9.97310036081729246e-15,4.98655018040864623e-15,-1.67526633423946414e-4,-8.37633167119732069e-5,-1.67536165784421161e-4,-8.37680828922105804e-5,-9.53236046959372050e-9,-4.76618023479686025e-9,-5.15314992774815054e-18,-2.57657496387407527e-18,4.06215437468766120e-14,2.03107718734383060e-14,1,0,560
3,7.81250000000000043e-4,1.27001953125000008e-2,7.50000000000000000e-1,0.00000000000000000e0,2.13162820728030056e-14,7.02256417966895086e-1,7.01717844905297872e-1,6.89497276663788128e-1,1.03297433786104449e-7,-6.61163741774777560e-9,2.17534604467155388e-18,2.91271783107879992e-8,0.00000000000000000e0,0.00000000000000000e0,9.96927482237236694e-15,4.98463741118618347e-15,-1.67536165784421161e-4,-8.37680828922105804e-5,-1.67538466699027576e-4,-8.37692333495137879e-5,-2.30091456733282804e-9,-1.15045728366641402e-9,-3.90822995368410429e-17,-1.95411497684205215e-17,4.06059637244173727e-14,2.03029818622086864e-14,1,0,560
4,7.81250000000000043e-4,1.27001953125000008e-2,7.50000000000000000e-1,0.00000000000000000e0,2.13162820728030056e-14,7.01717844905297872e-1,7.01179701955473522e-1,6.88968488727299100e-1,1.03218212788605322e-7,1.04637810502398749e-8,1.40836019247462258e-17,2.45861547504608866e-8,0.00000000000000000e0,0.00000000000000000e0,9.96545065076068371e-15,4.98272532538034186e-15,-1.67538466699027576e-4,-8.37692333495137879e-5,-1.67541425017770328e-4,-8.37707125088851638e-5,-2.95831874499670065e-9,-1.47915937249835033e-9,2.24493633601533382e-18,1.12246816800766691e-18,4.05903896308914457e-14,2.02951948154457228e-14,1,0,560
5,7.81250000000000043e-4,1.27001953125000008e-2,7.50000000000000000e-1,0.00000000000000000e0,2.13162820728030056e-14,7.01179701955473522e-1,7.00641946804986038e-1,6.88440123096607071e-1,1.03139055106691485e-7,-1.44433733470718995e-8,-1.97807786152031520e-17,2.24962928265761574e-8,0.00000000000000000e0,0.00000000000000000e0,9.96162784598224593e-15,4.98081392299112296e-15,-1.67541425017770328e-4,-8.37707125088851638e-5,-1.67550628676198590e-4,-8.37753143380992951e-5,-9.20365839912944322e-9,-4.60182919956472161e-9,-2.91331522816073752e-17,-1.45665761408036876e-17,4.05748215084669047e-14,2.02874107542334523e-14,1,0,560
6,7.81250000000000043e-4,1.27001953125000008e-2,7.50000000000000000e-1,0.00000000000000000e0,2.13162820728030056e-14,7.00641946804986038e-1,7.00104626818418563e-1,6.87912138222049441e-1,1.03059954475636425e-7,8.31146399524539706e-9,3.03378333103112281e-17,2.88360783497118850e-8,0.00000000000000000e0,0.00000000000000000e0,9.95780648397223161e-15,4.97890324198611581e-15,-1.67550628676198590e-4,-8.37753143380992951e-5,-1.67544712038665382e-4,-8.37723560193326909e-5,5.91663751570812466e-9,2.95831875785406233e-9,1.75002995690373334e-17,8.75014978451866670e-18,4.05592594202100867e-14,2.02796297101050433e-14,1,0,560
7,7.81250000000000043e-4,1.27001953125000008e-2,7.50000000000000000e-1,0.00000000000000000e0,2.13162820728030056e-14,7.00104626818418563e-1,6.99567707870393574e-1,6.87384580602955042e-1,1.02980917826186557e-7,-2.72534665666070032e-9,-1.00061955446167043e-16,2.12440758715082974e-8,0.00000000000000000e0,0.00000000000000000e0,9.95398709627690428e-15,4.97699354813845214e-15,-1.67544712038665382e-4,-8.37723560193326909e-5,-1.67539781507345352e-4,-8.37698907536726760e-5,4.93053128227410587e-9,2.46526564113705294e-9,3.77557458525866897e-17,1.88778729262933448e-17,4.05437033245673018e-14,2.02718516622836509e-14,1,0,560
8,7.81250000000000043e-4,1.27001953125000008e-2,7.50000000000000000e-1,0.00000000000000000e0,2.13162820728030056e-14,6.99567707870393574e-1,6.99031199823731186e-1,6.86857416740144999e-1,1.02901940211865464e-7,-3.59177444141344841e-9,8.05996500521932385e-17,2.35378210934647533e-8,0.00000000000000000e0,0.00000000000000000e0,9.95016915135000200e-15,4.97508457567500100e-15,-1.67539781507345352e-4,-8.37698907536726760e-5,-1.67543397230289492e-4,-8.37716986151447462e-5,-3.61572294715078725e-9,-1.80786147357539362e-9,3.01025583286827704e-18,1.50512791643413852e-18,4.05281531259671110e-14,2.02640765629835555e-14,1,0,560
9,7.81250000000000043e-4,1.27001953125000008e-2,7.50000000000000000e-1,0.00000000000000000e0,2.13162820728030056e-14,6.99031199823731186e-1,6.98495115611284745e-1,6.86330656307576725e-1,1.02823023008718362e-7,8.78977092583851115e-9,-8.17733680562080065e-17,2.80507039552456932e-8,0.00000000000000000e0,0.00000000000000000e0,9.94635257325634201e-15,4.97317628662817101e-15,-1.67543397230289492e-4,-8.37716986151447462e-5,-1.67537480592746743e-4,-8.37687402963733715e-5,5.91663752978999777e-9,2.95831876489499889e-9,1.29594055696437825e-17,6.47970278482189123e-18,4.05126091374002832e-14,2.02563045687001416e-14,1,0,560
10,7.81250000000000043e-4,1.27001953125000008e-2,7.50000000000000000e-1,0.00000000000000000e0,2.13162820728030056e-14,6.98495115611284745e-1,6.97959426211047562e-1,6.85804312015946826e-1,1.02744168192668970e-7,-7.52564300977125731e-9,9.29713074006711425e-17,3.00722939670989646e-8,0.00000000000000000e0,0.00000000000000000e0,9.94253743793110707e-15,4.97126871896555353e-15,-1.67537480592746743e-4,-8.37687402963733715e-5,-1.67526962126067491e-4,-8.37634810630337456e-5,1.05184667195586361e-8,5.25923335977931806e-9,-4.03068105663696296e-17,-2.01534052831848148e-17,4.04970709920882187e-14,2.02485354960441094e-14,1,0,560
11,7.81250000000000043e-4,1.27001953125000008e-2,7.50000000000000000e-1,0.00000000000000000e0,2.13162820728030056e-14,6.97959426211047562e-1,6.97424154559082465e-1,6.85278355366981451e-1,1.02665371458805159e-7,-6.02206053178757501e-10,-4.81535679695855782e-17,2.27632239091223698e-8,0.00000000000000000e0,0.00000000000000000e0,9.93872366943911757e-15,4.96936183471955878e-15,-1.67526962126067491e-4,-8.37634810630337456e-5,-1.67509212213415824e-4,-8.37546061067079121e-5,1.77499126052886309e-8,8.87495630264431546e-9,4.63783460410109046e-17,2.31891730205054523e-17,4.04815385238336768e-14,2.02407692619168384e-14,1,0,560
12,7.81250000000000043e-4,1.27001953125000008e-2,7.50000000000000000e-1,0.00000000000000000e0,2.13162820728030056e-14,6.97424154559082465e-1,6.96889295172526291e-1,6.84752808872178043e-1,1.02586636145676876e-7,1.15873900378460521e-9,6.51007696031241498e-17,3.00895065181418542e-8,0.00000000000000000e0,0.00000000000000000e0,9.93491126778037035e-15,4.96745563389018518e-15,-1.67509212213415824e-4,-8.37546061067079121e-5,-1.67508226107201778e-4,-8.37541130536008892e-5,9.86106268332574646e-10,4.93053134166287323e-10,-5.42866404085243935e-17,-2.71433202042621968e-17,4.04660124219105440e-14,2.02330062109552720e-14,1,0,560
13,7.81250000000000043e-4,1.27001953125000008e-2,7.50000000000000000e-1,0.00000000000000000e0,2.13162820728030056e-14,6.96889295172526291e-1,6.96354867860251692e-1,6.84227667157774055e-1,1.02507961515051087e-7,2.30447309826448599e-8,-8.57685445357207234e-17,3.00185773177326926e-8,0.00000000000000000e0,0.00000000000000000e0,9.93110030889004977e-15,4.96555015444502488e-15,-1.67508226107201778e-4,-8.37541130536008892e-5,-1.67510527021799520e-4,-8.37552635108997599e-5,-2.30091457529214849e-9,-1.15045728764607424e-9,-2.24493617057921131e-17,-1.12246808528960565e-17,4.04504924321701960e-14,2.02252462160850980e-14,1,0,560
14,7.81250000000000043e-4,1.27001953125000008e-2,7.50000000000000000e-1,0.00000000000000000e0,2.13162820728030056e-14,6.96354867860251692e-1,6.95820828966245308e-1,6.83702949665455417e-1,1.02429350416186644e-7,1.60606923515822954e-9,1.02384883126622398e-16,2.44924052604695914e-8,0.00000000000000000e0,0.00000000000000000e0,9.92729071683297147e-15,4.96364535841648573e-15,-1.67510527021799520e-4,-8.37552635108997599e-5,-1.67503295575902565e-4,-8.37516477879512826e-5,7.23144588572999811e-9,3.61572294286499906e-9,1.12246820936669754e-17,5.61234104683348768e-18,4.04349783214608293e-14,2.02174891607304146e-14,1,0,560
15,7.81250000000000043e-4,1.27001953125000008e-2,7.50000000000000000e-1,0.00000000000000000e0,2.13162820728030056e-14,6.95820828966245308e-1,6.95287205726907276e-1,6.83178613537297363e-1,1.02350796459681567e-7,7.70169153959598714e-9,-1.81964233396986845e-17,2.85382635248418023e-8,0.00000000000000000e0,0.00000000000000000e0,9.92348256754431822e-15,4.96174128377215911e-15,-1.67503295575902565e-4,-8.37516477879512826e-5,-1.67501980767579585e-4,-8.37509903837897925e-5,1.31480833879685151e-9,6.57404169398425755e-10,-1.58165972136282565e-17,-7.90829860681412823e-18,4.04194700557008947e-14,2.02097350278504473e-14,1,0,560
16,7.81250000000000043e-4,1.27001953125000008e-2,7.50000000000000000e-1,0.00000000000000000e0,2.13162820728030056e-14,6.95287205726907276e-1,6.94753998958806296e-1,6.82654685517456561e-1,1.02272303682148963e-7,1.49326557929513573e-8,5.78598048491490410e-17,2.30875739192520393e-8,0.00000000000000000e0,0.00000000000000000e0,9.91967578508890883e-15,4.95983789254445442e-15,-1.67501980767579585e-4,-8.37509903837897925e-5,-1.67491133598781858e-4,-8.37455667993909289e-5,1.08471688151253800e-8,5.42358440756268999e-9,-1.73982552599503417e-17,-8.69912762997517085e-18,4.04039678272811283e-14,2.02019839136405641e-14,1,0,560
17,7.81250000000000043e-4,1.27001953125000008e-2,7.50000000000000000e-1,0.00000000000000000e0,2.13162820728030056e-14,6.94753998958806296e-1,6.94221192368264295e-1,6.82131166398169508e-1,1.02193872139215735e-7,6.18933448659355868e-9,-5.68276654244176242e-17,2.80356079960835226e-8,0.00000000000000000e0,0.00000000000000000e0,9.91587105288336603e-15,4.95793552644168302e-15,-1.67491133598781858e-4,-8.37455667993909289e-5,-1.67480943834112661e-4,-8.37404719170563305e-5,1.01897646129712938e-8,5.09488230648564690e-9,5.62254498143381932e-17,2.81127249071690966e-17,4.03884716794121624e-14,2.01942358397060812e-14,1,0,560
18,7.81250000000000043e-4,1.27001953125000008e-2,7.50000000000000000e-1,0.00000000000000000e0,2.13162820728030056e-14,6.94221192368264295e-1,6.93688795136897518e-1,6.81608040188908526e-1,1.02115499496177655e-7,6.93453132501087127e-9,-1.32599765344659510e-17,2.03485661749685185e-8,0.00000000000000000e0,0.00000000000000000e0,9.91206768751106711e-15,4.95603384375553355e-15,-1.67480943834112661e-4,-8.37404719170563305e-5,-1.67479300323687685e-4,-8.37396501618438427e-5,1.64351043375133945e-9,8.21755216875669726e-10,-8.77565900063403638e-18,-4.38782950031701819e-18,4.03729811790266203e-14,2.01864905895133102e-14,1,0,560
19,7.81250000000000043e-4,1.27001953125000008e-2,7.50000000000000000e-1,0.00000000000000000e0,2.13162820728030056e-14,6.93688795136897518e-1,6.93156783632638884e-1,6.81085315896543197e-1,1.02037187042270364e-7,-1.56384015137201584e-8,1.21167136662441604e-17,2.47624380926599162e-8,0.00000000000000000e0,0.00000000000000000e0,9.90826568897201362e-15,4.95413284448600681e-15,-1.67479300323687685e-4,-8.37396501618438427e-5,-1.67489161386267897e-4,-8.37445806931339486e-5,-9.86106257985459341e-9,-4.93053128992729671e-9,-3.57150118720795653e-19,-1.78575059360397827e-19,4.03574964748283610e-14,2.01787482374141805e-14,1,0,560
20,7.81250000000000043e-4,1.27001953125000008e-2,7.50000000000000000e-1,0.00000000000000000e0,2.13162820728030056e-14,6.93156783632638884e-1,6.92625207638610241e-1,6.80562970325632399e-1,1.01958931333487943e-7,1.18676069163369325e-8,7.00228571733084221e-18,3.15205724259779554e-8,0.00000000000000000e0,0.00000000000000000e0,9.90446513320138361e-15,4.95223256660069180e-15,-1.67489161386267897e-4,-8.37445806931339486e-5,-1.67478642919560022e-4,-8.37393214597800112e-5,1.05184667452733603e-8,5.25923337263668014e-9,-3.73985973882271191e-17,-1.86992986941135596e-17,4.03420178451743828e-14,2.01710089225871914e-14,1,0,560
21,7.81250000000000043e-4,1.27001953125000008e-2,7.50000000000000000e-1,0.00000000000000000e0,2.13162820728030056e-14,6.92625207638610241e-1,6.92094019384292269e-1,6.80041052360420561e-1,1.01880739721404717e-7,-8.06290115423894484e-9,4.00555991230597253e-17,1.94063317271497982e-8,0.00000000000000000e0,0.00000000000000000e0,9.90066594426399746e-15,4.95033297213199873e-15,-1.67478642919560022e-4,-8.37393214597800112e-5,-1.67482258642465132e-4,-8.37411293212325658e-5,-3.61572296184491547e-9,-1.80786148092245773e-9,5.67356622607864137e-17,2.83678311303932068e-17,4.03265449818448023e-14,2.01632724909224012e-14,1,0,560
22,7.81250000000000043e-4,1.27001953125000008e-2,7.50000000000000000e-1,0.00000000000000000e0,2.13162820728030056e-14,6.92094019384292269e-1,6.91563247139588277e-1,6.79519515082503189e-1,1.01802605117768534e-7,5.73849104822284467e-10,-8.88906939172296610e-18,2.98256401045668820e-8,0.00000000000000000e0,0.00000000000000000e0,9.89686819809503636e-15,4.94843409904751818e-15,-1.67482258642465132e-4,-8.37411293212325658e-5,-1.67460235602768549e-4,-8.37301178013842747e-5,2.20230397013272899e-8,1.10115198506636449e-8,-4.74497600012263392e-18,-2.37248800006131696e-18,4.03110782038419820e-14,2.01555391019209910e-14,1,0,560
23,7.81250000000000043e-4,1.27001953125000008e-2,7.50000000000000000e-1,0.00000000000000000e0,2.13162820728030056e-14,6.91563247139588277e-1,6.91032875815367875e-1,6.78998386262893106e-1,1.01724531715434003e-7,-5.55948427230015572e-9,3.99188512785536838e-17,3.00274047693616849e-8,0.00000000000000000e0,0.00000000000000000e0,9.89307181875931912e-15,4.94653590937965956e-15,-1.67460235602768549e-4,-8.37301178013842747e-5,-1.67460235602772886e-4,-8.37301178013864431e-5,5.94536065272488641e-25,2.97268032636244321e-25,-4.33680928447808301e-18,-2.16840464223904150e-18,4.02956172813468344e-14,2.01478086406734172e-14,1,0,560
24,7.81250000000000043e-4,1.27001953125000008e-2,7.50000000000000000e-1,0.00000000000000000e0,2.13162820728030056e-14,6.91032875815367875e-1,6.90502920636976603e-1,6.78477651082376121e-1,1.01646517317609633e-7,3.83999956733670872e-9,-5.11551784208841807e-17,2.82087274575902702e-8,0.00000000000000000e0,0.00000000000000000e0,9.88927688219202535e-15,4.94463844109601268e-15,-1.67460235602772886e-4,-8.37301178013864431e-5,-1.67458263390264130e-4,-8.37291316951320648e-5,1.97221251523621165e-9,9.86106257618105826e-10,-6.47970154405097240e-18,-3.23985077202548620e-18,4.02801622746196741e-14,2.01400811373098371e-14,1,0,560
25,7.81250000000000043e-4,1.27001953125000008e-2,7.50000000000000000e-1,0.00000000000000000e0,2.13162820728030056e-14,6.90502920636976603e-1,6.89973366327900406e-1,6.77957324483501877e-1,1.01568564113454976e-7,-1.71788759759396467e-9,2.32643438858518213e-17,2.80300086431209779e-8,0.00000000000000000e0,0.00000000000000000e0,9.88548331245797703e-15,4.94274165622898852e-15,-1.67458263390264130e-4,-8.37291316951320648e-5,-1.67467467048633412e-4,-8.37337335243167058e-5,-9.20365837586374111e-9,-4.60182918793187055e-9,6.58174378518643272e-18,3.29087189259321636e-18,4.02647132413989159e-14,2.01323566206994580e-14,1,0,560
26,7.81250000000000043e-4,1.27001953125000008e-2,7.50000000000000000e-1,0.00000000000000000e0,2.13162820728030056e-14,6.89973366327900406e-1,6.89444217237888179e-1,6.77437391473400541e-1,1.01490669905578775e-7,-2.61859354299805678e-9,5.16112188090163034e-18,2.49962389673448229e-8,0.00000000000000000e0,0.00000000000000000e0,9.88169110955717258e-15,4.94084555477858629e-15,-1.67467467048633412e-4,-8.37337335243167058e-5,-1.67482916046634428e-4,-8.37414580233172140e-5,-1.54489980055062709e-8,-7.72449900275313547e-9,4.48987019048882998e-18,2.24493509524441499e-18,4.02492700094802694e-14,2.01246350047401347e-14,1,0,560
27,7.81250000000000043e-4,1.27001953125000008e-2,7.50000000000000000e-1,0.00000000000000000e0,2.13162820728030056e-14,6.89444217237888179e-1,6.88915486260041954e-1,6.76917856315353617e-1,1.01412835280223414e-7,9.68456495280024773e-9,-8.86371804302750217e-17,3.01066299573780704e-8,0.00000000000000000e0,0.00000000000000000e0,9.87790095690623471e-15,4.93895047845311736e-15,-1.67482916046634428e-4,-8.37414580233172140e-5,-1.67477985515331745e-4,-8.37389927576658727e-5,4.93053127309027439e-9,2.46526563654513720e-9,2.95923425735120998e-17,1.47961712867560499e-17,4.02338330807865072e-14,2.01169165403932536e-14,1,0,560
28,7.81250000000000043e-4,1.27001953125000008e-2,7.50000000000000000e-1,0.00000000000000000e0,2.13162820728030056e-14,6.88915486260041954e-1,6.88387155087326619e-1,6.76398731680234233e-1,1.01335062164659208e-7,4.00134761724882477e-9,6.61226253116851543e-17,2.09606796071562293e-8,0.00000000000000000e0,0.00000000000000000e0,9.87411217108854071e-15,4.93705608554427036e-15,-1.67477985515331745e-4,-8.37389927576658727e-5,-1.67474041090354131e-4,-8.37370205451770655e-5,3.94442503169693681e-9,1.97221251584846841e-9,-5.40825565466389323e-17,-2.70412782733194661e-17,4.02184018832439808e-14,2.01092009416219904e-14,1,0,560
29,7.81250000000000043e-4,1.27001953125000008e-2,7.50000000000000000e-1,0.00000000000000000e0,2.13162820728030056e-14,6.88387155087326619e-1,6.87859226762646214e-1,6.75879999588775093e-1,1.01257347886736074e-7,1.66765052693084023e-9,-8.75967677518520025e-17,2.16745269417121741e-8,0.00000000000000000e0,0.00000000000000000e0,9.87032482803927176e-15,4.93516241401963588e-15,-1.67474041090354131e-4,-8.37370205451770655e-5,-1.67473383686169222e-4,-8.37366918430846111e-5,6.57404159908467757e-10,3.28702079954233879e-10,2.50004263161774764e-17,1.25002131580887382e-17,4.02029766360129035e-14,2.01014883180064517e-14,1,0,560
30,7.81250000000000043e-4,1.27001953125000008e-2,7.50000000000000000e-1,0.00000000000000000e0,2.13162820728030056e-14,6.87859226762646214e-1,6.87331685606653031e-1,6.75361663021317060e-1,1.01179692843416505e-7,-1.60364506600135782e-8,3.74534907480373632e-17,2.73732978974901921e-8,0.00000000000000000e0,0.00000000000000000e0,9.86653885182324510e-15,4.93326942591162255e-15,-1.67473383686169222e-4,-8.37366918430846111e-5,-1.67489161386265295e-4,-8.37445806931326475e-5,-1.57777001004607622e-8,-7.88885005023038110e-9,4.38782919012428848e-18,2.19391459506214424e-18,4.01875571051851874e-14,2.00937785525925937e-14,1,0,560
31,7.81250000000000043e-4,1.27001953125000008e-2,7.50000000000000000e-1,0.00000000000000000e0,2.13162820728030056e-14,6.87331685606653031e-1,6.86804562920265593e-1,6.74843706591022885e-1,1.01102094756656925e-7,-2.14270794684326961e-9,-1.10513389516809754e-17,2.80172923286708022e-8,0.00000000000000000e0,0.00000000000000000e0,9.86275424244046388e-15,4.93137712122023194e-15,-1.67489161386265295e-4,-8.37445806931326475e-5,-1.67492777109190354e-4,-8.37463885545951768e-5,-3.61572295694687259e-9,-1.80786147847343629e-9,3.18882994097097043e-17,1.59441497048548522e-17,4.01721433466298740e-14,2.00860716733149370e-14,1,0,560
32,7.81250000000000043e-4,1.27001953125000008e-2,7.50000000000000000e-1,0.00000000000000000e0,2.13162820728030056e-14,6.86804562920265593e-1,6.86277838065458390e-1,6.74326161022660298e-1,1.01024558224256914e-7,-8.56606651251631975e-9,3.81815618883167373e-17,1.78184416293849523e-8,0.00000000000000000e0,0.00000000000000000e0,9.85897107582610771e-15,4.92948553791305385e-15,-1.67492777109190354e-4,-8.37463885545951768e-5,-1.67497050236291647e-4,-8.37485251181458237e-5,-4.27312709542640219e-9,-2.13656354771320109e-9,-5.86744768364790418e-18,-2.93372384182395209e-18,4.01567354818517502e-14,2.00783677409258751e-14,1,0,560
33,7.81250000000000043e-4,1.27001953125000008e-2,7.50000000000000000e-1,0.00000000000000000e0,2.13162820728030056e-14,6.86277838065458390e-1,6.85751504922813115e-1,6.73809006062208837e-1,1.00947080217046313e-7,-2.08037394017421898e-8,1.09506503916179581e-17,2.76462432967801809e-8,0.00000000000000000e0,0.00000000000000000e0,9.85518927604499540e-15,4.92759463802249770e-15,-1.67497050236291647e-4,-8.37485251181458237e-5,-1.67502309469635610e-4,-8.37511547348178051e-5,-5.25923334477905939e-9,-2.62961667238952970e-9,8.16337929083682588e-19,4.08168964541841294e-19,4.01413335150241679e-14,2.00706667575120840e-14,1,0,560
34,7.81250000000000043e-4,1.27001953125000008e-2,7.50000000000000000e-1,0.00000000000000000e0,2.13162820728030056e-14,6.85751504922813115e-1,6.85225599514171724e-1,6.73292235700557407e-1,1.00869659834761289e-7,3.28083986677998528e-9,-3.27046836609076899e-17,3.36779489559068256e-8,0.00000000000000000e0,0.00000000000000000e0,9.85140891903230657e-15,4.92570445951615328e-15,-1.67502309469635610e-4,-8.37511547348178051e-5,-1.67489818790429387e-4,-8.37449093952146936e-5,1.24906792219374844e-8,6.24533961096874222e-9,-1.57145522841558053e-17,-7.85727614207790267e-18,4.01259375875403721e-14,2.00629687937701861e-14,1,0,560
35,7.81250000000000043e-4,1.27001953125000008e-2,7.50000000000000000e-1,0.00000000000000000e0,2.13162820728030056e-14,6.85225599514171724e-1,6.84700078368687515e-1,6.72775885298383391e-1,1.00792302369690670e-7,-1.57773972805965254e-8,6.39013897681709961e-17,1.96952360448934157e-8,0.00000000000000000e0,0.00000000000000000e0,9.84762992885286317e-15,4.92381496442643159e-15,-1.67489818790429387e-4,-8.37449093952146936e-5,-1.67488503982082121e-4,-8.37442519910410604e-5,1.31480833267429802e-9,6.57404166337149008e-10,1.45920849433287510e-17,7.29604247166437549e-18,4.01105472773939836e-14,2.00552736386969918e-14,1,0,560
36,7.81250000000000043e-4,1.27001953125000008e-2,7.50000000000000000e-1,0.00000000000000000e0,2.13162820728030056e-14,6.84700078368687515e-1,6.84174968991139054e-1,6.72259912180250163e-1,1.00715001433008976e-7,-7.03615901481790041e-9,-5.83158295208495252e-17,3.38241231119563169e-8,0.00000000000000000e0,0.00000000000000000e0,9.84385230550666365e-15,4.92192615275333182e-15,-1.67488503982082121e-4,-8.37442519910410604e-5,-1.67506582596723026e-4,-8.37532912983615131e-5,-1.80786146775896760e-8,-9.03930733879483799e-9,3.66842988051467529e-17,1.83421494025733765e-17,4.00951631453389577e-14,2.00475815726694788e-14,1,0,560
37,7.81250000000000043e-4,1.27001953125000008e-2,7.50000000000000000e-1,0.00000000000000000e0,2.13162820728030056e-14,6.84174968991139054e-1,6.83650262517833673e-1,6.71744343345628492e-1,1.00637761051178827e-7,-6.84282766352877230e-9,3.86974529296701342e-18,2.80545760876059667e-8,0.00000000000000000e0,0.00000000000000000e0,9.84007612492888759e-15,4.92003806246444380e-15,-1.67506582596723026e-4,-8.37532912983615131e-5,-1.67520059382249981e-4,-8.37600296911249903e-5,-1.34767855043519328e-8,-6.73839275217596641e-9,-2.26024273422419881e-17,-1.13012136711209940e-17,4.00797847929056908e-14,2.00398923964528454e-14,1,0,560
38,7.81250000000000043e-4,1.27001953125000008e-2,7.50000000000000000e-1,0.00000000000000000e0,2.13162820728030056e-14,6.83650262517833673e-1,6.83125957621116386e-1,6.71229170097611516e-1,1.00560579958173746e-7,-7.66815848099825229e-9,-5.12919312284738975e-18,2.48798457904521641e-8,0.00000000000000000e0,0.00000000000000000e0,9.83630131118435698e-15,4.91815065559217849e-15,-1.67520059382249981e-4,-8.37600296911249903e-5,-1.67516114957263693e-4,-8.37580574786318463e-5,3.94442501394153061e-9,1.97221250697076530e-9,-2.76535329609031469e-17,-1.38267664804515735e-17,4.00644123428834185e-14,2.00322061714417092e-14,1,0,560
39,7.81250000000000043e-4,1.27001953125000008e-2,7.50000000000000000e-1,0.00000000000000000e0,2.13162820728030056e-14,6.83125957621116386e-1,6.82602068848613741e-1,6.70714391135098786e-1,1.00483457941503158e-7,6.36211363819215143e-9,7.09147291000273844e-17,2.70408366926493683e-8,0.00000000000000000e0,0.00000000000000000e0,9.83252854768969138e-15,4.91626427384484569e-15,-1.67516114957263693e-4,-8.37580574786318463e-5,-1.67515457553083988e-4,-8.37577287765419939e-5,6.57404172153573400e-10,3.28702086076786700e-10,7.55115024585213425e-18,3.77557512292606713e-18,4.00490461375768545e-14,2.00245230687884273e-14,1,0,560
40,7.81250000000000043e-4,1.27001953125000008e-2,7.50000000000000000e-1,0.00000000000000000e0,2.13162820728030056e-14,6.82602068848613741e-1,6.82078572316350051e-1,6.70200020734380564e-1,1.00406397116683318e-7,-3.17246198913664926e-9,-8.24823342194695496e-17,1.88992971204980978e-8,0.00000000000000000e0,0.00000000000000000e0,9.82875715102827123e-15,4.91437857551413561e-15,-1.67515457553083988e-4,-8.37577287765419939e-5,-1.67531235253171387e-4,-8.37656176265856936e-5,-1.57777000747460364e-8,-7.88885003737301818e-9,-1.26532792598277078e-17,-6.32663962991385388e-18,4.00336857318377665e-14,2.00168428659188833e-14,1,0,560
41,7.81250000000000043e-4,1.27001953125000008e-2,7.50000000000000000e-1,0.00000000000000000e0,2.13162820728030056e-14,6.82078572316350051e-1,6.81555470974171906e-1,6.69686035448297190e-1,1.00329394010606028e-7,-9.45637818876622080e-9,1.54153064626749467e-17,3.11508093483776243e-8,0.00000000000000000e0,0.00000000000000000e0,9.82498712120009336e-15,4.91249356060004668e-15,-1.67531235253171387e-4,-8.37656176265856936e-5,-1.67526962126042338e-4,-8.37634810630211689e-5,4.27312712420240435e-9,2.13656356210120218e-9,4.84702113639023818e-18,2.42351056819511909e-18,4.00183312641622354e-14,2.00091656320811177e-14,1,0,560
42,7.81250000000000043e-4,1.27001953125000008e-2,7.50000000000000000e-1,0.00000000000000000e0,2.13162820728030056e-14,6.81555470974171906e-1,6.81032772620198790e-1,6.69172438176379725e-1,1.00252449040034672e-7,-7.63909688873529484e-9,2.86577649661282497e-17,1.99521910097253017e-8,0.00000000000000000e0,0.00000000000000000e0,9.82121853414034212e-15,4.91060926707017106e-15,-1.67526962126042338e-4,-8.37634810630211689e-5,-1.67531235253134958e-4,-8.37656176265674790e-5,-4.27312714501908606e-9,-2.13656357250954303e-9,5.23988535708443959e-17,2.61994267854221980e-17,4.00029822729157003e-14,2.00014911364578502e-14,1,0,560
43,7.81250000000000043e-4,1.27001953125000008e-2,7.50000000000000000e-1,0.00000000000000000e0,2.13162820728030056e-14,6.81032772620198790e-1,6.80510477144409265e-1,6.68659236567146098e-1,1.00175563328888626e-7,-5.62278478036699076e-9,9.50232248630599838e-18,2.09527519425514390e-8,0.00000000000000000e0,0.00000000000000000e0,9.81745131391383317e-15,4.90872565695691658e-15,-1.67531235253134958e-4,-8.37656176265674790e-5,-1.67536494486498003e-4,-8.37682472432490013e-5,-5.25923334722808228e-9,-2.62961667361404114e-9,-1.58165974204234096e-17,-7.90829871021170480e-18,3.99876394101287949e-14,1.99938197050643975e-14,1,0,560
44,7.81250000000000043e-4,1.27001953125000008e-2,7.50000000000000000e-1,0.00000000000000000e0,2.13162820728030056e-14,6.80510477144409265e-1,6.79988577429501029e-1,6.68146430518732015e-1,1.00098736900812257e-7,-1.04148023874760579e-8,1.00375406026716969e-17,2.55614342265641799e-8,0.00000000000000000e0,0.00000000000000000e0,9.81368553645575084e-15,4.90684276822787542e-15,-1.67536494486498003e-4,-8.37682472432490013e-5,-1.67539781507367036e-4,-8.37698907536835180e-5,-3.28702088097229857e-9,-1.64351044048614929e-9,1.19389794359764227e-17,5.96948971798821137e-18,3.99723024283774230e-14,1.99861512141887115e-14,1,0,560
45,7.81250000000000043e-4,1.27001953125000008e-2,7.50000000000000000e-1,0.00000000000000000e0,2.13162820728030056e-14,6.79988577429501029e-1,6.79467078743417052e-1,6.67634013036101370e-1,1.00021968667969809e-7,-9.63536824120072960e-9,5.08894284511280444e-17,2.26851184607651864e-8,0.00000000000000000e0,0.00000000000000000e0,9.80992112583091080e-15,4.90496056291545540e-15,-1.67539781507367036e-4,-8.37698907536835180e-5,-1.67533207465670603e-4,-8.37666037328353014e-5,6.57404169092297646e-9,3.28702084546148823e-9,5.51029839210772108e-18,2.75514919605386054e-18,3.99569711236413475e-14,1.99784855618206738e-14,1,0,560
46,7.81250000000000043e-4,1.27001953125000008e-2,7.50000000000000000e-1,0.00000000000000000e0,2.13162820728030056e-14,6.79467078743417052e-1,6.78945995413972492e-1,6.67121989301299623e-1,9.99452594313062510e-8,5.77943772302962698e-9,-7.45108430463618562e-17,2.79398910385793223e-8,0.00000000000000000e0,0.00000000000000000e0,9.80615808203931620e-15,4.90307904101965810e-15,-1.67533207465670603e-4,-8.37666037328353014e-5,-1.67527619530236788e-4,-8.37638097651183938e-5,5.58793545259091438e-9,2.79396772629545719e-9,-1.87758310987481908e-17,-9.38791554937409540e-18,3.99416461112873958e-14,1.99708230556436979e-14,1,0,560
47,7.81250000000000043e-4,1.27001953125000008e-2,7.50000000000000000e-1,0.00000000000000000e0,2.13162820728030056e-14,6.78945995413972492e-1,6.78425291107782158e-1,6.66610373380804311e-1,9.98686113125480215e-8,-1.48205979172770965e-8,2.42869690791776532e-17,1.93078733956426467e-8,0.00000000000000000e0,0.00000000000000000e0,9.80239648101614508e-15,4.90119824050807254e-15,-1.67527619530236788e-4,-8.37638097651183938e-5,-1.67525318615649454e-4,-8.37626593078247272e-5,2.30091457406763622e-9,1.15045728703381811e-9,1.32655331202307760e-17,6.63276656011538799e-18,3.99263266687770450e-14,1.99631633343885225e-14,1,0,560
48,7.81250000000000043e-4,1.27001953125000008e-2,7.50000000000000000e-1,0.00000000000000000e0,2.13162820728030056e-14,6.78425291107782158e-1,6.77904978345516218e-1,6.66099129590321581e-1,9.97920189268683406e-8,-2.26092924836225085e-8,5.57447668885775033e-17,3.15984279979309833e-8,0.00000000000000000e0,0.00000000000000000e0,9.79863624682621782e-15,4.89931812341310891e-15,-1.67525318615649454e-4,-8.37626593078247272e-5,-1.67529263040679978e-4,-8.37646315203399890e-5,-3.94442501822731632e-9,-1.97221250911365816e-9,-1.22961299682875247e-17,-6.14806498414376233e-18,3.99110130039529736e-14,1.99555065019764868e-14,1,0,560
49,7.81250000000000043e-4,1.27001953125000008e-2,7.50000000000000000e-1,0.00000000000000000e0,2.13162820728030056e-14,6.77904978345516218e-1,6.77385104146424610e-1,6.65588270233705370e-1,9.97154841411164950e-8,1.69215443073801745e-8,2.60534695255662974e-17,2.90393815383376843e-8,0.00000000000000000e0,0.00000000000000000e0,9.79487745540471561e-15,4.89743872770235780e-15,-1.67529263040679978e-4,-8.37646315203399890e-5,-1.67541753719869721e-4,-8.37708768599348605e-5,-1.24906792298968049e-8,-6.24533961494840244e-9,4.01537457571003671e-17,2.00768728785501836e-17,3.98957054478563186e-14,1.99478527239281593e-14,1,0,560
50,7.81250000000000043e-4,1.27001953125000008e-2,7.50000000000000000e-1,0.00000000000000000e0,2.13162820728030056e-14,6.77385104146424610e-1,6.76865616701528894e-1,6.65077841470533504e-1,9.96390138700726840e-8,4.97973933570550611e-9,-6.79562192047385871e-17,2.38641638223250394e-8,0.00000000000000000e0,0.00000000000000000e0,9.79112003081645726e-15,4.89556001540822863e-15,-1.67541753719869721e-4,-8.37708768599348605e-5,-1.67547012953240572e-4,-8.37735064766202860e-5,-5.25923337477957341e-9,-2.62961668738978671e-9,3.92863807103895134e-18,1.96431903551947567e-18,3.98804041356510187e-14,1.99402020678255093e-14,1,0,560
51,7.81250000000000043e-4,1.27001953125000008e-2,7.50000000000000000e-1,0.00000000000000000e0,2.13162820728030056e-14,6.76865616701528894e-1,6.76346515537059711e-1,6.64567792437831817e-1,9.95626004940882093e-8,-7.13922757943675984e-9,-4.08524404051055330e-17,2.81809040943551080e-8,0.00000000000000000e0,0.00000000000000000e0,9.78736458054288590e-15,4.89368229027144295e-15,-1.67547012953240572e-4,-8.37735064766202860e-5,-1.67547999059512731e-4,-8.37739995297563655e-5,-9.86106247515891900e-10,-4.93053123757945950e-10,-2.46432787823960950e-17,-1.23216393911980475e-17,3.98651084965546012e-14,1.99325542482773006e-14,1,0,560
52,7.81250000000000043e-4,1.27001953125000008e-2,7.50000000000000000e-1,0.00000000000000000e0,2.13162820728030056e-14,6.76346515537059711e-1,6.75827821936552553e-1,6.64058122670326156e-1,9.94862439414091097e-8,2.32158500877096961e-9,8.35936083590426895e-17,1.87563102057570701e-8,0.00000000000000000e0,0.00000000000000000e0,9.78361057303773801e-15,4.89180528651886901e-15,-1.67547999059512731e-4,-8.37739995297563655e-5,-1.67562790653354859e-4,-8.37813953266774297e-5,-1.47915938119237611e-8,-7.39579690596188057e-9,-3.02045976746860868e-17,-1.51022988373430434e-17,3.98498184752755971e-14,1.99249092376377985e-14,1,0,560
53,7.81250000000000043e-4,1.27001953125000008e-2,7.50000000000000000e-1,0.00000000000000000e0,2.13162820728030056e-14,6.75827821936552553e-1,6.75309528985145846e-1,6.63548853056294852e-1,9.94099473367737960e-8,5.18009620625355073e-9,-1.96437735175266066e-17,2.72559331650948587e-8,0.00000000000000000e0,0.00000000000000000e0,9.77985793236583557e-15,4.88992896618291778e-15,-1.67562790653354859e-4,-8.37813953266774297e-5,-1.67568049886694485e-4,-8.37840249433472427e-5,-5.25923336130995457e-9,-2.62961668065497728e-9,2.16840417953488636e-17,1.08420208976744318e-17,3.98345348003996401e-14,1.99172674001998200e-14,1,0,560
54,7.81250000000000043e-4,1.27001953125000008e-2,7.50000000000000000e-1,0.00000000000000000e0,2.13162820728030056e-14,6.75309528985145846e-1,6.74791618408774885e-1,6.63039976817317966e-1,9.93337096722551742e-8,-9.92819214100507308e-9,3.71597704930483588e-17,2.36246056759801869e-8,0.00000000000000000e0,0.00000000000000000e0,9.77610673446235659e-15,4.88805336723117830e-15,-1.67568049886694485e-4,-8.37840249433472427e-5,-1.67563448057531095e-4,-8.37817240287655474e-5,4.60182920385051063e-9,2.30091460192525531e-9,-4.04598745484582795e-17,-2.02299372742291397e-17,3.98192566138483356e-14,1.99096283069241678e-14,1,0,560
55,7.81250000000000043e-4,1.27001953125000008e-2,7.50000000000000000e-1,0.00000000000000000e0,2.13162820728030056e-14,6.74791618408774885e-1,6.74274117570118903e-1,6.62531476008586195e-1,9.92575282561269703e-8,2.61944751748817157e-9,-4.76716474782309324e-17,1.78444213283241575e-8,0.00000000000000000e0,0.00000000000000000e0,9.77235690339212148e-15,4.88617845169606074e-15,-1.67563448057531095e-4,-8.37817240287655474e-5,-1.67567392482527791e-4,-8.37836962412638955e-5,-3.94442502373761636e-9,-1.97221251186880818e-9,2.70412778597291599e-17,1.35206389298645799e-17,3.98039842243142207e-14,1.99019921121571104e-14,1,0,560
56,7.81250000000000043e-4,1.27001953125000008e-2,7.50000000000000000e-1,0.00000000000000000e0,2.13162820728030056e-14,6.74274117570118903e-1,6.73757009089834935e-1,6.62023377487983122e-1,9.91814071073200146e-8,-1.89802857984685639e-9,-8.24581983299661711e-18,2.15533798309558049e-8,0.00000000000000000e0,0.00000000000000000e0,9.76860843915513024e-15,4.88430421957756512e-15,-1.67567392482527791e-4,-8.37836962412638955e-5,-1.67572323013807055e-4,-8.37861615069035275e-5,-4.93053127002899723e-9,-2.46526563501449862e-9,-9.23485280805636433e-18,-4.61742640402818216e-18,3.97887179228793334e-14,1.98943589614396667e-14,1,0,560
57,7.81250000000000043e-4,1.27001953125000008e-2,7.50000000000000000e-1,0.00000000000000000e0,2.13162820728030056e-14,6.73757009089834935e-1,6.73240299549678012e-1,6.61515664200996500e-1,9.91053436765527831e-8,4.67156374688348382e-10,5.40650224890019160e-17,2.15025646906172366e-8,0.00000000000000000e0,0.00000000000000000e0,9.76486141768656404e-15,4.88243070884328202e-15,-1.67572323013807055e-4,-8.37861615069035275e-5,-1.67564762865815911e-4,-8.37823814329079555e-5,7.56014796476584681e-9,3.78007398238292340e-9,2.63780039127341272e-17,1.31890019563670636e-17,3.97734573860208607e-14,1.98867286930104303e-14,1,0,560
58,7.81250000000000043e-4,1.27001953125000008e-2,7.50000000000000000e-1,0.00000000000000000e0,2.13162820728030056e-14,6.73240299549678012e-1,6.72723981396536108e-1,6.61008342602878662e-1,9.90293389138131983e-8,-4.41482224747870113e-9,-7.09935304610822486e-17,1.82182855824260216e-8,0.00000000000000000e0,0.00000000000000000e0,9.76111576305124172e-15,4.88055788152562086e-15,-1.67564762865815911e-4,-8.37823814329079555e-5,-1.67578897055488743e-4,-8.37894485277443715e-5,-1.41341896758932507e-8,-7.06709483794662535e-9,3.06127467868932268e-18,1.53063733934466134e-18,3.97582026106576885e-14,1.98791013053288442e-14,1,0,560
59,7.81250000000000043e-4,1.27001953125000008e-2,7.50000000000000000e-1,0.00000000000000000e0,2.13162820728030056e-14,6.72723981396536108e-1,6.72208060077300495e-1,6.60501405281105569e-1,9.89533917369659408e-8,-3.54975148836424319e-9,2.48220399573943172e-18,1.36229350335552745e-8,0.00000000000000000e0,0.00000000000000000e0,9.75737147524916483e-15,4.87868573762458242e-15,-1.67578897055488743e-4,-8.37894485277443715e-5,-1.67578239651354141e-4,-8.37891198256770706e-5,6.57404168480043620e-10,3.28702084240021810e-10,-3.38781303496815405e-17,-1.69390651748407702e-17,3.97429536114464423e-14,1.98714768057232212e-14,1,0,560
60,7.81250000000000043e-4,1.27001953125000008e-2,7.50000000000000000e-1,0.00000000000000000e0,2.13162820728030056e-14,6.72208060077300495e-1,6.71692528243737486e-1,6.59994857587973494e-1,9.88775029374715025e-8,-9.72857527825969759e-9,-6.47879586399828809e-17,2.64155353325620729e-8,0.00000000000000000e0,0.00000000000000000e0,9.75362863021551142e-15,4.87681431510775571e-15,-1.67578239651354141e-4,-8.37891198256770706e-5,-1.67580869267990561e-4,-8.37904346339952803e-5,-2.62961666596085072e-9,-1.31480833298042536e-9,2.95413212461492165e-17,1.47706606230746082e-17,3.97277106902782205e-14,1.98638553451391102e-14,1,0,560
61,7.81250000000000043e-4,1.27001953125000008e-2,7.50000000000000000e-1,0.00000000000000000e0,2.13162820728030056e-14,6.71692528243737486e-1,6.71177408651745244e-1,6.59488692299747603e-1,9.88016714144619938e-8,7.14719543887337984e-9,8.32121560875153922e-17,2.03258764413327195e-8,0.00000000000000000e0,0.00000000000000000e0,9.74988715201510187e-15,4.87494357600755093e-15,-1.67580869267990561e-4,-8.37904346339952803e-5,-1.67579225757604616e-4,-8.37896128788023081e-5,1.64351042885329802e-9,8.21755214426649011e-10,-4.29088957803348402e-17,-2.14544478901674201e-17,3.97124734110715350e-14,1.98562367055357675e-14,1,0,560
62,7.81250000000000043e-4,1.27001953125000008e-2,7.50000000000000000e-1,0.00000000000000000e0,2.13162820728030056e-14,6.71177408651745244e-1,6.70662675308187017e-1,6.58982931766627145e-1,9.87259005455798254e-8,-1.65401603365476078e-9,-6.12667303884786003e-17,1.75717384158402170e-8,0.00000000000000000e0,0.00000000000000000e0,9.74614711658311736e-15,4.87307355829155868e-15,-1.67579225757604616e-4,-8.37896128788023081e-5,-1.67567721184596827e-4,-8.37838605922984134e-5,1.15045729964627861e-8,5.75228649823139305e-9,1.13267230940315169e-17,5.66336154701575843e-18,3.96972421660392494e-14,1.98486210830196247e-14,1,0,560
63,7.81250000000000043e-4,1.27001953125000008e-2,7.50000000000000000e-1,0.00000000000000000e0,2.13162820728030056e-14,6.70662675308187017e-1,6.70148320667320885e-1,6.58477550467505890e-1,9.86501864965466746e-8,-1.77047499770250635e-8,8.69357757893718505e-17,2.50218403896203353e-8,0.00000000000000000e0,0.00000000000000000e0,9.74240844798437673e-15,4.87120422399218836e-15,-1.67567721184596827e-4,-8.37838605922984134e-5,-1.67564762865846269e-4,-8.37823814329231344e-5,2.95831876826240318e-9,1.47915938413120159e-9,-1.77043832241276415e-17,-8.85219161206382075e-18,3.96820165505805946e-14,1.98410082752902973e-14,1,0,560
64,7.81250000000000043e-4,1.27001953125000008e-2,7.50000000000000000e-1,0.00000000000000000e0,2.13162820728030056e-14,6.70148320667320885e-1,6.69634375712307439e-1,6.57972540984737564e-1,9.85745281368188391e-8,-2.48189715472233007e-9,-1.01489326317069666e-16,2.20587162814560199e-8,0.00000000000000000e0,0.00000000000000000e0,9.73867114621887996e-15,4.86933557310943998e-15,-1.67564762865846269e-4,-8.37823814329231344e-5,-1.67562790653336645e-4,-8.37813953266683224e-5,1.97221249686855241e-9,9.86106248434276206e-10,1.27553194330116367e-17,6.37765971650581835e-18,3.96667965705153066e-14,1.98333982852576533e-14,1,0,560
65,7.81250000000000043e-4,1.27001953125000008e-2,7.50000000000000000e-1,0.00000000000000000e0,2.13162820728030056e-14,6.69634375712307439e-1,6.69120830590421489e-1,6.57467933747423627e-1,9.84989300546397379e-8,3.20242408289764447e-9,8.72319742774760638e-17,2.75960306843166383e-8,0.00000000000000000e0,0.00000000000000000e0,9.73493528722180824e-15,4.86746764361090412e-15,-1.67562790653336645e-4,-8.37813953266683224e-5,-1.67566735078345484e-4,-8.37833675391727421e-5,-3.94442501516604164e-9,-1.97221250758302082e-9,6.32663880273324133e-18,3.16331940136662067e-18,3.96515829083733822e-14,1.98257914541866911e-14,1,0,560
66,7.81250000000000043e-4,1.27001953125000008e-2,7.50000000000000000e-1,0.00000000000000000e0,2.13162820728030056e-14,6.69120830590421489e-1,6.68607682677985982e-1,6.56963719076218644e-1,9.84233907733363883e-8,6.56970209328022171e-9,-7.83713669298601285e-17,2.25586778459581087e-8,0.00000000000000000e0,0.00000000000000000e0,9.73120140253942193e-15,4.86560070126971096e-15,-1.67566735078345484e-4,-8.37833675391727421e-5,-1.67555887909560768e-4,-8.37779439547803838e-5,1.08471688077783155e-8,5.42358440388915773e-9,-2.30616168069661001e-17,-1.15308084034830501e-17,3.96363750163181541e-14,1.98181875081590771e-14,1,0,560
67,7.81250000000000043e-4,1.27001953125000008e-2,7.50000000000000000e-1,0.00000000000000000e0,2.13162820728030056e-14,6.68607682677985982e-1,6.68094931005303039e-1,6.56459894401966282e-1,9.83479099290070115e-8,9.27190860969123405e-9,5.46205225569995319e-17,2.40353092107286872e-8,0.00000000000000000e0,0.00000000000000000e0,9.72746896062546066e-15,4.86373448031273033e-15,-1.67555887909560768e-4,-8.37779439547803838e-5,-1.67556216611613323e-4,-8.37781083058066617e-5,-3.28702116995681303e-10,-1.64351058497840652e-10,6.44398742139805133e-17,3.22199371069902567e-17,3.96211731464135964e-14,1.98105865732067982e-14,1,0,560
68,7.81250000000000043e-4,1.27001953125000008e-2,7.50000000000000000e-1,0.00000000000000000e0,2.13162820728030056e-14,6.68094931005303039e-1,6.67582568695629486e-1,6.55956458769346717e-1,9.82724873831504050e-8,5.40125260342687376e-9,1.25388313774554834e-17,2.62010058893290535e-8,0.00000000000000000e0,0.00000000000000000e0,9.72373788554474326e-15,4.86186894277237163e-15,-1.67556216611613323e-4,-8.37781083058066617e-5,-1.67570350801263604e-4,-8.37851754006318020e-5,-1.41341896581378470e-8,-7.06709482906892349e-9,7.85727614207790267e-18,3.92863807103895134e-18,3.96059771378069001e-14,1.98029885689034500e-14,1,0,560
69,7.81250000000000043e-4,1.27001953125000008e-2,7.50000000000000000e-1,0.00000000000000000e0,2.13162820728030056e-14,6.67582568695629486e-1,6.67070603963793030e-1,6.55453405421495661e-1,9.81971220972882803e-8,1.00440270008439914e-8,-1.08140200067588992e-17,2.51206161579537019e-8,0.00000000000000000e0,0.00000000000000000e0,9.72000817729726973e-15,4.86000408864863486e-15,-1.67570350801263604e-4,-8.37851754006318020e-5,-1.67548656463682027e-4,-8.37743282318410137e-5,2.16943376326997804e-8,1.08471688163498902e-8,-5.11233187324110883e-17,-2.55616593662055442e-17,3.95907869561589940e-14,1.97953934780794970e-14,1,0,560
70,7.81250000000000043e-4,1.27001953125000008e-2,7.50000000000000000e-1,0.00000000000000000e0,2.13162820728030056e-14,6.67070603963793030e-1,6.66559017461976433e-1,6.54950742433171751e-1,9.81218152974622619e-8,-4.35610595458894670e-9,-2.40595663754388627e-17,2.55164889379286534e-8,0.00000000000000000e0,0.00000000000000000e0,9.71627991181822124e-15,4.85813995590911062e-15,-1.67548656463682027e-4,-8.37743282318410137e-5,-1.67543397230305972e-4,-8.37716986151529862e-5,5.25923335396289170e-9,2.62961667698144585e-9,2.20922140686131551e-17,1.10461070343065775e-17,3.95756024439780583e-14,1.97878012219890291e-14,1,0,560
71,7.81250000000000043e-4,1.27001953125000008e-2,7.50000000000000000e-1,0.00000000000000000e0,2.13162820728030056e-14,6.66559017461976433e-1,6.66047846824618039e-1,6.54448450805044879e-1,9.80465641373067781e-8,1.91682688607802252e-8,4.97477372260701046e-17,2.14064696151695601e-8,0.00000000000000000e0,0.00000000000000000e0,9.71255301317241663e-15,4.85627650658620831e-15,-1.67543397230305972e-4,-8.37716986151529862e-5,-1.67541425017777267e-4,-8.37707125088886333e-5,1.97221250666463734e-9,9.86106253332318670e-10,2.20411927412502718e-17,1.10205963706251359e-17,3.95604238189273260e-14,1.97802119094636630e-14,1,0,560
72,7.81250000000000043e-4,1.27001953125000008e-2,7.50000000000000000e-1,0.00000000000000000e0,2.13162820728030056e-14,6.66047846824618039e-1,6.65537040131040869e-1,6.53946567481959229e-1,9.79713741451024524e-8,-8.90910603396970506e-9,-8.76533516620391518e-19,2.34820225345196469e-8,0.00000000000000000e0,0.00000000000000000e0,9.70882748135985587e-15,4.85441374067992794e-15,-1.67541425017777267e-4,-8.37707125088886333e-5,-1.67535179678156808e-4,-8.37675898390784039e-5,6.24533961127487101e-9,3.12266980563743550e-9,9.18382982633225592e-18,4.59191491316612796e-18,3.95452510377732437e-14,1.97726255188866218e-14,1,0,560
73,7.81250000000000043e-4,1.27001953125000008e-2,7.50000000000000000e-1,0.00000000000000000e0,2.13162820728030056e-14,6.65537040131040869e-1,6.65026640831914984e-1,6.53445041490505307e-1,9.78962376892051043e-8,6.74330097633036530e-9,-9.36841699982081166e-17,2.66709121559722063e-8,0.00000000000000000e0,0.00000000000000000e0,9.70510339231572017e-15,4.85255169615786008e-15,-1.67535179678156808e-4,-8.37675898390784039e-5,-1.67532221359405382e-4,-8.37661106797026912e-5,2.95831877132367910e-9,1.47915938566183955e-9,-1.98982974055994795e-17,-9.94914870279973973e-18,3.95300838307354098e-14,1.97650419153677049e-14,1,0,560
74,7.81250000000000043e-4,1.27001953125000008e-2,7.50000000000000000e-1,0.00000000000000000e0,2.13162820728030056e-14,6.65026640831914984e-1,6.64516636686835915e-1,6.52943915490715621e-1,9.78211611486059365e-8,1.04677367804186831e-8,1.24316061053198271e-16,2.42503408432245130e-8,0.00000000000000000e0,0.00000000000000000e0,9.70138067010482833e-15,4.85069033505241417e-15,-1.67532221359405382e-4,-8.37661106797026912e-5,-1.67535179678184563e-4,-8.37675898390922817e-5,-2.95831877867074445e-9,-1.47915938933537223e-9,-5.10212860038526724e-19,-2.55106430019263362e-19,3.95149227219850555e-14,1.97574613609925278e-14,1,0,560
75,7.81250000000000043e-4,1.27001953125000008e-2,7.50000000000000000e-1,0.00000000000000000e0,2.13162820728030056e-14,6.64516636686835915e-1,6.64007007935339955e-1,6.52443177466487279e-1,9.77461427452970569e-8,-5.26524293211594655e-9,-8.07798612748052662e-17,1.82309220923558746e-8,0.00000000000000000e0,0.00000000000000000e0,9.69765931472718036e-15,4.84882965736359018e-15,-1.67535179678184563e-4,-8.37675898390922817e-5,-1.67549642569935105e-4,-8.37748212849675523e-5,-1.44628917432962500e-8,-7.23144587164812500e-9,-7.24502352244575328e-18,-3.62251176122287664e-18,3.94997672059597619e-14,1.97498836029798810e-14,1,0,560
76,7.81250000000000043e-4,1.27001953125000008e-2,7.50000000000000000e-1,0.00000000000000000e0,2.13162820728030056e-14,6.64007007935339955e-1,6.63497764737678186e-1,6.51942808017243025e-1,9.76711795642343904e-8,-1.05500778644520077e-8,2.95402740354937243e-18,2.57719553798021583e-8,0.00000000000000000e0,0.00000000000000000e0,9.69393940211795743e-15,4.84696970105897872e-15,-1.67549642569935105e-4,-8.37748212849675523e-5,-1.67556874015768742e-4,-8.37784370078843710e-5,-7.23144590838344678e-9,-3.61572295419172339e-9,7.47461734490913550e-17,3.73730867245456775e-17,3.94846174116904338e-14,1.97423087058452169e-14,1,0,560
77,7.81250000000000043e-4,1.27001953125000008e-2,7.50000000000000000e-1,0.00000000000000000e0,2.13162820728030056e-14,6.63497764737678186e-1,6.62988930044912883e-1,6.51442817112959927e-1,9.75962730835259258e-8,7.41183113445620384e-9,-2.11710434045975645e-17,2.46825298103736347e-8,0.00000000000000000e0,0.00000000000000000e0,9.69022085634197838e-15,4.84511042817098919e-15,-1.67556874015768742e-4,-8.37784370078843710e-5,-1.67559503632481489e-4,-8.37797518162407447e-5,-2.62961666657310541e-9,-1.31480833328655270e-9,-4.61742570092466149e-17,-2.30871285046233075e-17,3.94694734829313706e-14,1.97347367414656853e-14,1,0,560
78,7.81250000000000043e-4,1.27001953125000008e-2,7.50000000000000000e-1,0.00000000000000000e0,2.13162820728030056e-14,6.62988930044912883e-1,6.62480478393729810e-1,6.50943227294413340e-1,9.75214267035087469e-8,2.23713933325669781e-10,5.08256661900369776e-17,2.36117740920328899e-8,0.00000000000000000e0,0.00000000000000000e0,9.68650367739924319e-15,4.84325183869962159e-15,-1.67559503632481489e-4,-8.37797518162407447e-5,-1.67563119355407415e-4,-8.37815596777037076e-5,-3.61572294715078559e-9,-1.80786147357539280e-9,2.12248506762635264e-17,1.06124253381317632e-17,3.94543354809784152e-14,1.97271677404892076e-14,1,0,560
79,7.81250000000000043e-4,1.27001953125000008e-2,7.50000000000000000e-1,0.00000000000000000e0,2.13162820728030056e-14,6.62480478393729810e-1,6.61972413141205251e-1,6.50444013561098267e-1,9.74466366713471458e-8,-3.31356668161043572e-9,5.94542806794480948e-17,2.09372490701475538e-8,0.00000000000000000e0,0.00000000000000000e0,9.68278794122493304e-15,4.84139397061246652e-15,-1.67563119355407415e-4,-8.37815596777037076e-5,-1.67564762865861014e-4,-8.37823814329305069e-5,-1.64351045701704384e-9,-8.21755228508521921e-10,3.41842603818103717e-18,1.70921301909051858e-18,3.94392031452937065e-14,1.97196015726468533e-14,1,0,560
80,7.81250000000000043e-4,1.27001953125000008e-2,7.50000000000000000e-1,0.00000000000000000e0,2.13162820728030056e-14,6.61972413141205251e-1,6.61464730495148978e-1,6.49945179202456313e-1,9.73719034634389749e-8,-1.03467078472489977e-8,2.94704087065962705e-17,1.75365747239284510e-8,0.00000000000000000e0,0.00000000000000000e0,9.67907357188386676e-15,4.83953678594193338e-15,-1.67564762865861014e-4,-8.37823814329305069e-5,-1.67567392482543404e-4,-8.37836962412717018e-5,-2.62961668861429691e-9,-1.31480834430714845e-9,6.22459532082686218e-18,3.11229766041343109e-18,3.94240764311099688e-14,1.97120382155549844e-14,1,0,560
81,7.81250000000000043e-4,1.27001953125000008e-2,7.50000000000000000e-1,0.00000000000000000e0,2.13162820728030056e-14,6.61464730495148978e-1,6.60957430894213216e-1,6.49446720501841823e-1,9.72972265394822062e-8,-1.66477702350300012e-8,-2.71327814062703883e-18,3.31128937520722315e-8,0.00000000000000000e0,0.00000000000000000e0,9.67536064531122395e-15,4.83768032265561198e-15,-1.67567392482543404e-4,-8.37836962412717018e-5,-1.67586457203458203e-4,-8.37932286017291014e-5,-1.90647209373506732e-8,-9.53236046867533661e-9,2.25514018789760420e-17,1.12757009394880210e-17,3.94089556246869332e-14,1.97044778123434666e-14,1,0,560
82,7.81250000000000043e-4,1.27001953125000008e-2,7.50000000000000000e-1,0.00000000000000000e0,2.13162820728030056e-14,6.60957430894213216e-1,6.60450535463011246e-1,6.48948637885993884e-1,9.72226059691164739e-8,-1.53045951145030858e-9,4.85181568201574867e-18,2.07137428983749989e-8,0.00000000000000000e0,0.00000000000000000e0,9.67164908557182659e-15,4.83582454278591329e-15,-1.67586457203458203e-4,-8.37932286017291014e-5,-1.67577253545060298e-4,-8.37886267725301490e-5,9.20365839851718895e-9,4.60182919925859447e-9,-6.12254273993374494e-19,-3.06127136996687247e-19,3.93938402674284029e-14,1.96969201337142015e-14,1,0,560
83,7.81250000000000043e-4,1.27001953125000008e-2,7.50000000000000000e-1,0.00000000000000000e0,2.13162820728030056e-14,6.60450535463011246e-1,6.59944027235255581e-1,6.48450952095877220e-1,9.71480448390772746e-8,-3.06947558835080993e-9,-1.08914647916091765e-17,1.91760870472529245e-8,0.00000000000000000e0,0.00000000000000000e0,9.66793889266567309e-15,4.83396944633283655e-15,-1.67577253545060298e-4,-8.37886267725301490e-5,-1.67566406376240019e-4,-8.37832031881200097e-5,1.08471688004312509e-8,5.42358440021562547e-9,1.98472789733687401e-17,9.92363948668437005e-18,3.93787311041024520e-14,1.96893655520512260e-14,1,0,560
84,7.81250000000000043e-4,1.27001953125000008e-2,7.50000000000000000e-1,0.00000000000000000e0,2.13162820728030056e-14,6.59944027235255581e-1,6.59437910913273750e-1,6.47953646477986034e-1,9.70735406693808479e-8,3.90788470384533013e-10,-4.41836347159225070e-17,3.02951636216065864e-8,0.00000000000000000e0,0.00000000000000000e0,9.66423075000938618e-15,4.83211537500469309e-15,-1.67566406376240019e-4,-8.37832031881200097e-5,-1.67579883161781719e-4,-8.37899415808908594e-5,-1.34767855074132108e-8,-6.73839275370660540e-9,-3.42862989006330755e-17,-1.71431494503165377e-17,3.93636280207588863e-14,1.96818140103794432e-14,1,0,560
85,7.81250000000000043e-4,1.27001953125000008e-2,7.50000000000000000e-1,0.00000000000000000e0,2.13162820728030056e-14,6.59437910913273750e-1,6.58932179847394606e-1,6.47456725638786867e-1,9.69990941422245915e-8,-2.49806801669097078e-9,3.19482489110141787e-17,2.09686459819939923e-8,0.00000000000000000e0,0.00000000000000000e0,9.66052397418634314e-15,4.83026198709317157e-15,-1.67579883161781719e-4,-8.37899415808908594e-5,-1.67572980417959004e-4,-8.37864902089795020e-5,6.90274378955099749e-9,3.45137189477549874e-9,3.31638321801914805e-17,1.65819160900957403e-17,3.93485304455681814e-14,1.96742652227840907e-14,1,0,560
86,7.81250000000000043e-4,1.27001953125000008e-2,7.50000000000000000e-1,0.00000000000000000e0,2.13162820728030056e-14,6.58932179847394606e-1,6.58426843022547170e-1,6.46960183059734684e-1,9.69247042866612819e-8,3.89346364996859303e-9,4.56838625695042462e-17,2.14698486970962977e-8,0.00000000000000000e0,0.00000000000000000e0,9.65681856519654397e-15,4.82840928259827198e-15,-1.67572980417959004e-4,-8.37864902089795020e-5,-1.67577582247196988e-4,-8.37887911235984939e-5,-4.60182922956523315e-9,-2.30091461478261657e-9,-8.41851239743084408e-18,-4.20925619871542204e-18,3.93334388105600840e-14,1.96667194052800420e-14,1,0,560
87,7.81250000000000043e-4,1.27001953125000008e-2,7.50000000000000000e-1,0.00000000000000000e0,2.13162820728030056e-14,6.58426843022547170e-1,6.57921906199686268e-1,6.46464027562703381e-1,9.68503724319806454e-8,1.63483000640551708e-8,-3.58891036125199257e-17,2.85872581029442313e-8,0.00000000000000000e0,0.00000000000000000e0,9.65311459897516984e-15,4.82655729948758492e-15,-1.67577582247196988e-4,-8.37887911235984939e-5,-1.67574952630518935e-4,-8.37874763152594675e-5,2.62961668004272177e-9,1.31480834002136088e-9,-1.98982887202030476e-18,-9.94914436010152382e-19,3.93183533239748648e-14,1.96591766619874324e-14,1,0,560
88,7.81250000000000043e-4,1.27001953125000008e-2,7.50000000000000000e-1,0.00000000000000000e0,2.13162820728030056e-14,6.57921906199686268e-1,6.57417345182403579e-1,6.45968264798854941e-1,9.67760994064027364e-8,4.91349207180914499e-9,-6.24853004000526780e-17,1.79736328889934320e-8,0.00000000000000000e0,0.00000000000000000e0,9.64941199958703958e-15,4.82470599979351979e-15,-1.67574952630518935e-4,-8.37874763152594675e-5,-1.67583498884678155e-4,-8.37917494423390773e-5,-8.54625420003663503e-9,-4.27312710001831752e-9,4.08170221856372375e-17,2.04085110928186187e-17,3.93032733641030466e-14,1.96516366820515233e-14,1,0,560
89,7.81250000000000043e-4,1.27001953125000008e-2,7.50000000000000000e-1,0.00000000000000000e0,2.13162820728030056e-14,6.57417345182403579e-1,6.56913163339254869e-1,6.45472871010895788e-1,9.67018816663833385e-8,-2.86455313721836110e-9,2.31959480433125679e-17,2.22041946779093831e-8,0.00000000000000000e0,0.00000000000000000e0,9.64571076703215319e-15,4.82285538351607659e-15,-1.67583498884678155e-4,-8.37917494423390773e-5,-1.67593031245168514e-4,-8.37965156225842570e-5,-9.53236046163440005e-9,-4.76618023081720002e-9,-2.87249816627043088e-17,-1.43624908313521544e-17,3.92881991194162665e-14,1.96440995597081332e-14,1,0,560
90,7.81250000000000043e-4,1.27001953125000008e-2,7.50000000000000000e-1,0.00000000000000000e0,2.13162820728030056e-14,6.56913163339254869e-1,6.56409387576052938e-1,6.44977849510667389e-1,9.66277197051081398e-8,1.65540085424347806e-8,3.11942679924078061e-17,3.28871936025148184e-8,0.00000000000000000e0,0.00000000000000000e0,9.64201097724569184e-15,4.82100548862284592e-15,-1.67593031245168514e-4,-8.37965156225842570e-5,-1.67600591393118024e-4,-8.38002956965590122e-5,-7.56014797884772323e-9,-3.78007398942386162e-9,2.93372359366976833e-17,1.46686179683488416e-17,3.92731309573607024e-14,1.96365654786803512e-14,1,0,560
91,7.81250000000000043e-4,1.27001953125000008e-2,7.50000000000000000e-1,0.00000000000000000e0,2.13162820728030056e-14,6.56409387576052938e-1,6.55905994879907861e-1,6.44483226712196489e-1,9.65536174677872256e-8,1.32711064111354981e-8,-5.28172142277135031e-17,2.09007269896294269e-8,0.00000000000000000e0,0.00000000000000000e0,9.63831255429247436e-15,4.81915627714623718e-15,-1.67600591393118024e-4,-8.38002956965590122e-5,-1.67598290478570590e-4,-8.37991452392852949e-5,2.30091458447597749e-9,1.15045729223798874e-9,-3.70414480966869360e-17,-1.85207240483434680e-17,3.92580684042438276e-14,1.96290342021219138e-14,1,0,560
92,7.81250000000000043e-4,1.27001953125000008e-2,7.50000000000000000e-1,0.00000000000000000e0,2.13162820728030056e-14,6.55905994879907861e-1,6.55402980693024939e-1,6.43988980020312685e-1,9.64795715842474670e-8,5.72418631408616486e-9,4.91180608740151382e-17,2.73500104720275063e-8,0.00000000000000000e0,0.00000000000000000e0,9.63461549817250074e-15,4.81730774908625037e-15,-1.67598290478570590e-4,-8.37991452392852949e-5,-1.67596975670160006e-4,-8.37984878350800030e-5,1.31480832655174432e-9,6.57404163275872158e-10,8.40320455165590712e-17,4.20160227582795356e-17,3.92430118555830880e-14,1.96215059277915440e-14,1,0,560
93,7.81250000000000043e-4,1.27001953125000008e-2,7.50000000000000000e-1,0.00000000000000000e0,2.13162820728030056e-14,6.55402980693024939e-1,6.54900351227778343e-1,6.43495104963324405e-1,9.64055813814681818e-8,4.67992466040555774e-9,-4.03250283921804975e-17,2.13722078295986675e-8,0.00000000000000000e0,0.00000000000000000e0,9.63091988482095218e-15,4.81545994241047609e-15,-1.67596975670160006e-4,-8.37984878350800030e-5,-1.67593688649319596e-4,-8.37968443246597978e-5,3.28702083627765716e-9,1.64351041813882858e-9,4.13272462126140337e-18,2.06636231063070168e-18,3.92279607654980150e-14,1.96139803827490075e-14,1,0,560
94,7.81250000000000043e-4,1.27001953125000008e-2,7.50000000000000000e-1,0.00000000000000000e0,2.13162820728030056e-14,6.54900351227778343e-1,6.54398098092567659e-1,6.43001607634980932e-1,9.63316477578558580e-8,-4.46089365821522554e-9,4.51693082520207349e-17,2.43425005134847244e-8,0.00000000000000000e0,0.00000000000000000e0,9.62722563830264748e-15,4.81361281915132374e-15,-1.67593688649319596e-4,-8.37968443246597978e-5,-1.67585799799288039e-4,-8.37928998996440196e-5,7.88885008972085042e-9,3.94442504486042521e-9,-5.81642569454053084e-17,-2.90821284727026542e-17,3.92129153809848201e-14,1.96064576904924101e-14,1,0,560
95,7.81250000000000043e-4,1.27001953125000008e-2,7.50000000000000000e-1,0.00000000000000000e0,2.13162820728030056e-14,6.54398098092567659e-1,6.53896251636435721e-1,6.42508479801662369e-1,9.62577694945204496e-8,1.70359436505354842e-8,-3.43209875468010993e-17,3.31646117598480822e-8,0.00000000000000000e0,0.00000000000000000e0,9.62353275861758664e-15,4.81176637930879332e-15,-1.67585799799288039e-4,-8.37928998996440196e-5,-1.67597304372238583e-4,-8.37986521861192914e-5,-1.15045729585029533e-8,-5.75228647925147664e-9,7.95931879680366927e-18,3.97965939840183464e-18,3.91978759982049787e-14,1.95989379991024894e-14,1,0,560
96,7.81250000000000043e-4,1.27001953125000008e-2,7.50000000000000000e-1,0.00000000000000000e0,2.13162820728030056e-14,6.53896251636435721e-1,6.53394773976654908e-1,6.42015751254593869e-1,9.61839510480996697e-8,9.61935807706862648e-10,-1.78138632665360255e-17,1.93173957748897585e-8,-6.93889390390722838e-18,-3.46944695195361419e-18,9.61984132170095086e-15,4.80992066085047543e-15,-1.67597304372238583e-4,-8.37986521861192914e-5,-1.67598947882699120e-4,-8.37994739413495601e-5,-1.64351041783270144e-9,-8.21755208916350722e-10,-4.27048102640881539e-17,-2.13524051320440769e-17,3.91828421166084372e-14,1.95914210583042186e-14,1,0,560
97,7.81250000000000043e-4,1.27001953125000008e-2,7.50000000000000000e-1,0.00000000000000000e0,2.13162820728030056e-14,6.53394773976654908e-1,6.52893663753541298e-1,6.41523384804886909e-1,9.61101868515335821e-8,-1.61889216196944508e-8,-2.38956927971053698e-17,1.96181061057669640e-8,0.00000000000000000e0,0.00000000000000000e0,9.61615125161755894e-15,4.80807562580877947e-15,-1.67598947882699120e-4,-8.37994739413495601e-5,-1.67606508030677254e-4,-8.38032540153386268e-5,-7.56014798925606244e-9,-3.78007399462803122e-9,1.11226377845799837e-17,5.56131889228999183e-18,3.91678137404099279e-14,1.95839068702049639e-14,1,0,560
98,7.81250000000000043e-4,1.27001953125000008e-2,7.50000000000000000e-1,0.00000000000000000e0,2.13162820728030056e-14,6.52893663753541298e-1,6.52392954228652067e-1,6.41031379117151023e-1,9.60364767062399712e-8,2.03569337217798051e-10,-4.16820730911868976e-19,2.75711332816227636e-8,6.93889390390722838e-18,3.46944695195361419e-18,9.61246254836741088e-15,4.80623127418370544e-15,-1.67606508030677254e-4,-8.38032540153386268e-5,-1.67612424668178370e-4,-8.38062123340891849e-5,-5.91663753468804272e-9,-2.95831876734402136e-9,3.35720027990945469e-17,1.67860013995472735e-17,3.91527912118648071e-14,1.95763956059324036e-14,1,0,560
99,7.81250000000000043e-4,1.27001953125000008e-2,7.50000000000000000e-1,0.00000000000000000e0,2.13162820728030056e-14,6.52392954228652067e-1,6.51892631318988336e-1,6.40539766846831116e-1,9.59628254939548444e-8,2.82035983369329757e-9,2.84632509635445676e-17,2.39957367609887105e-8,0.00000000000000000e0,0.00000000000000000e0,9.60877528788568788e-15,4.80438764394284394e-15,-1.67612424668178370e-4,-8.38062123340891849e-5,-1.67613739476516095e-4,-8.38068697382580476e-5,-1.31480832900076575e-9,-6.57404164500382877e-10,-8.72463808686145936e-18,-4.36231904343072968e-18,3.91377745888972254e-14,1.95688872944486127e-14,1,0,560
100,7.81250000000000043e-4,1.27001953125000008e-2,7.50000000000000000e-1,0.00000000000000000e0,2.13162820728030056e-14,6.51892631318988336e-1,6.51392683445535248e-1,6.40048534167506289e-1,9.58892311567088212e-8,-5.84536585927853081e-9,-2.13193916300140496e-17,1.66443979864097943e-8,6.93889390390722838e-18,3.46944695195361419e-18,9.60508939423720874e-15,4.80254469711860437e-15,-1.67613739476516095e-4,-8.38068697382580476e-5,-1.67610781157706556e-4,-8.38053905788532782e-5,2.95831876213985093e-9,1.47915938106992547e-9,4.73987672115945890e-17,2.36993836057972945e-17,3.91227635617072173e-14,1.95613817808536087e-14,1,0,560
101,7.81250000000000043e-4,1.27001953125000008e-2,7.50000000000000000e-1,0.00000000000000000e0,2.13162820728030056e-14,6.51392683445535248e-1,6.50893135568521686e-1,6.39557669712792043e-1,9.58156919890020947e-8,1.07367575711389183e-8,-3.29419384993322932e-18,2.05278966183421415e-8,6.93889390390722838e-18,3.46944695195361419e-18,9.60140494335715464e-15,4.80070247167857732e-15,-1.67610781157706556e-4,-8.38053905788532782e-5,-1.67605850626507957e-4,-8.38029253132539786e-5,4.93053126757997600e-9,2.46526563378998800e-9,-6.89807675929886048e-17,-3.44903837964943024e-17,3.91077586290152094e-14,1.95538793145076047e-14,1,0,560
102,7.81250000000000043e-4,1.27001953125000008e-2,7.50000000000000000e-1,0.00000000000000000e0,2.13162820728030056e-14,6.50893135568521686e-1,6.50393959025779234e-1,6.39067197986491919e-1,9.57422116512783349e-8,-1.03652718619822396e-9,2.95540889856991256e-17,1.54654859265696113e-8,6.93889390390722838e-18,3.46944695195361419e-18,9.59772185931034284e-15,4.79886092965517142e-15,-1.67605850626507957e-4,-8.38029253132539786e-5,-1.67612095966070303e-4,-8.38060479830351514e-5,-6.24533961617291347e-9,-3.12266980808645674e-9,5.38274490826439032e-17,2.69137245413219516e-17,3.90927593746624527e-14,1.95463796873312263e-14,1,0,560
103,7.81250000000000043e-4,1.27001953125000008e-2,7.50000000000000000e-1,0.00000000000000000e0,2.13162820728030056e-14,6.50393959025779234e-1,6.49895160030032892e-1,6.38577090845626416e-1,9.56687859392656987e-8,-6.31230908275774337e-9,-5.20608311766082765e-17,2.10818606287739921e-8,6.93889390390722838e-18,3.46944695195361419e-18,9.59404014209677648e-15,4.79702007104838824e-15,-1.67612095966070303e-4,-8.38060479830351514e-5,-1.67619327411985472e-4,-8.38096637059927360e-5,-7.23144586919910211e-9,-3.61572293459955106e-9,-4.59701745949272257e-17,-2.29850872974636128e-17,3.90777657991610187e-14,1.95388828995805094e-14,1,0,560
104,7.81250000000000043e-4,1.27001953125000008e-2,7.50000000000000000e-1,0.00000000000000000e0,2.13162820728030056e-14,6.49895160030032892e-1,6.49396760753158220e-1,6.38087354394933359e-1,9.55954157663013503e-8,1.08733305262699744e-8,7.65568230063137919e-17,1.72311594687172205e-8,0.00000000000000000e0,0.00000000000000000e0,9.59035986765163516e-15,4.79517993382581758e-15,-1.67619327411985472e-4,-8.38096637059927360e-5,-1.67619327411969860e-4,-8.38096637059849298e-5,1.83676579304486271e-18,9.18382896522431355e-19,1.37757454907464011e-17,6.88787274537320057e-18,3.90627779959100824e-14,1.95313889979550412e-14,1,0,560
105,7.81250000000000043e-4,1.27001953125000008e-2,7.50000000000000000e-1,0.00000000000000000e0,2.13162820728030056e-14,6.49396760753158220e-1,6.48898726617019417e-1,6.37598010400298509e-1,9.55221043827979786e-8,-6.21261794386254295e-9,-8.64520124430100131e-18,1.82663457529128402e-8,6.93889390390722838e-18,3.46944695195361419e-18,9.58668096003973772e-15,4.79334048001986886e-15,-1.67619327411969860e-4,-8.38096637059849298e-5,-1.67604207116068236e-4,-8.38021035580341182e-5,1.51202958854493131e-8,7.56014794272465655e-9,1.61737467119635927e-17,8.08687335598179635e-18,3.90477959686219096e-14,1.95238979843109548e-14,1,0,560
106,7.81250000000000043e-4,1.27001953125000008e-2,7.50000000000000000e-1,0.00000000000000000e0,2.13162820728030056e-14,6.48898726617019417e-1,6.48401074921692744e-1,6.37109024913545707e-1,9.54488467112164623e-8,-5.71845962177121133e-9,-5.48545716569601860e-17,2.28572318649150684e-8,6.93889390390722838e-18,3.46944695195361419e-18,9.58300341926108414e-15,4.79150170963054207e-15,-1.67604207116068236e-4,-8.38021035580341182e-5,-1.67616369093229710e-4,-8.38081845466148549e-5,-1.21619771545344851e-8,-6.08098857726724257e-9,-6.93889555826845348e-18,-3.46944777913422674e-18,3.90328194731763366e-14,1.95164097365881683e-14,1,0,560
107,7.81250000000000043e-4,1.27001953125000008e-2,7.50000000000000000e-1,0.00000000000000000e0,2.13162820728030056e-14,6.48401074921692744e-1,6.47903821520895540e-1,6.36620414918349864e-1,9.53756453009143598e-8,1.09227123966508952e-8,5.92722504866690630e-17,1.85081130614132361e-8,6.93889390390722838e-18,3.46944695195361419e-18,9.57932732125085403e-15,4.78966366062542701e-15,-1.67616369093229710e-4,-8.38081845466148549e-5,-1.67616040391125980e-4,-8.38080201955629898e-5,3.28702112097638426e-10,1.64351056048819213e-10,-8.36748879532127626e-18,-4.18374439766063813e-18,3.90178489171799640e-14,1.95089244585899820e-14,1,0,560
108,7.81250000000000043e-4,1.27001953125000008e-2,7.50000000000000000e-1,0.00000000000000000e0,2.13162820728030056e-14,6.47903821520895540e-1,6.47406924414004714e-1,6.36132195980639747e-1,9.53025024704951674e-8,-1.41312833954996183e-8,-2.58828254739190580e-17,2.26331673187830122e-8,6.93889390390722838e-18,3.46944695195361419e-18,9.57565259007386936e-15,4.78782629503693468e-15,-1.67616040391125980e-4,-8.38080201955629898e-5,-1.67611109859886614e-4,-8.38055549299433072e-5,4.93053128349861608e-9,2.46526564174930804e-9,-4.41334059826828143e-17,-2.20667029913414072e-17,3.90028841066189273e-14,1.95014420533094636e-14,1,0,560
109,7.81250000000000043e-4,1.27001953125000008e-2,7.50000000000000000e-1,0.00000000000000000e0,2.13162820728030056e-14,6.47406924414004714e-1,6.46910429554467536e-1,6.35644326863500031e-1,9.52294120500211710e-8,7.04141291287639063e-9,-3.11012862741119454e-17,2.73874338768092702e-8,0.00000000000000000e0,0.00000000000000000e0,9.57197922573012856e-15,4.78598961286506428e-15,-1.67611109859886614e-4,-8.38055549299433072e-5,-1.67591387734777365e-4,-8.37956938673886827e-5,1.97221250929733568e-8,9.86106254648667841e-9,1.62757877123281342e-17,8.13789385616406710e-18,3.89879249265723167e-14,1.94939624632861584e-14,1,0,560
110,7.81250000000000043e-4,1.27001953125000008e-2,7.50000000000000000e-1,0.00000000000000000e0,2.13162820728030056e-14,6.46910429554467536e-1,6.46414321468831488e-1,6.35156852691903695e-1,9.51563808033743121e-8,1.30491487587314094e-8,-6.12778822307018871e-17,2.45619494187007427e-8,-6.93889390390722838e-18,-3.46944695195361419e-18,9.56830730415481281e-15,4.78415365207740640e-15,-1.67591387734777365e-4,-8.37956938673886827e-5,-1.67593359947263570e-4,-8.37966799736317852e-5,-1.97221251339944718e-9,-9.86106256699723588e-10,2.71943422554081160e-17,1.35971711277040580e-17,3.89729718509418399e-14,1.94864859254709200e-14,1,0,560
111,7.81250000000000043e-4,1.27001953125000008e-2,7.50000000000000000e-1,0.00000000000000000e0,2.13162820728030056e-14,6.46414321468831488e-1,6.45918570110238566e-1,6.34669758260651196e-1,9.50834064440159503e-8,-1.06933583001372097e-8,6.80792821731905512e-17,1.79466770551439540e-8,0.00000000000000000e0,0.00000000000000000e0,9.56463735689418247e-15,4.78231867844709123e-15,-1.67593359947263570e-4,-8.37966799736317852e-5,-1.67595989563898255e-4,-8.37979947819491276e-5,-2.62961668983880835e-9,-1.31480834491940418e-9,5.51540023533079502e-17,2.75770011766539751e-17,3.89580241926929972e-14,1.94790120963464986e-14,1,0,560
112,7.81250000000000043e-4,1.27001953125000008e-2,7.50000000000000000e-1,0.00000000000000000e0,2.13162820728030056e-14,6.45918570110238566e-1,6.45423205421425061e-1,6.34183014075390128e-1,9.50104845588345237e-8,-4.21955169048493821e-9,2.58154251432470122e-17,2.61721053273060557e-8,6.93889390390722838e-18,3.46944695195361419e-18,9.56096877646679599e-15,4.78048438823339800e-15,-1.67595989563898255e-4,-8.37979947819491276e-5,-1.67589086820101561e-4,-8.37945434100507806e-5,6.90274378648972281e-9,3.45137189324486141e-9,1.02042547192286968e-17,5.10212735961434841e-18,3.89430822800601141e-14,1.94715411400300570e-14,1,0,560
113,7.81250000000000043e-4,1.27001953125000008e-2,7.50000000000000000e-1,0.00000000000000000e0,2.13162820728030056e-14,6.45423205421425061e-1,6.44928214180234827e-1,6.33696649538884715e-1,9.49376195546778518e-8,-1.06713575232427345e-8,-1.23616368825374366e-17,2.44045285482353494e-8,6.93889390390722838e-18,3.46944695195361419e-18,9.55730163880783456e-15,4.77865081940391728e-15,-1.67589086820101561e-4,-8.37945434100507806e-5,-1.67595989563922541e-4,-8.37979947819612707e-5,-6.90274379077550935e-9,-3.45137189538775467e-9,-3.02045968475054743e-17,-1.51022984237527371e-17,3.89281459670688284e-14,1.94640729835344142e-14,1,0,560
114,7.81250000000000043e-4,1.27001953125000008e-2,7.50000000000000000e-1,0.00000000000000000e0,2.13162820728030056e-14,6.44928214180234827e-1,6.44433613056386134e-1,6.33210651661063051e-1,9.48648094752019921e-8,-1.67047964559600475e-10,2.38508143714652467e-18,2.61471073164650486e-8,0.00000000000000000e0,0.00000000000000000e0,9.55363586798211700e-15,4.77681793399105850e-15,-1.67595989563922541e-4,-8.37979947819612707e-5,-1.67593031245178055e-4,-8.37965156225890274e-5,2.95831876581338237e-9,1.47915938290669118e-9,-2.13268945717602119e-17,-1.06634472858801059e-17,3.89132154633994226e-14,1.94566077316997113e-14,1,0,560
115,7.81250000000000043e-4,1.27001953125000008e-2,7.50000000000000000e-1,0.00000000000000000e0,2.13162820728030056e-14,6.44433613056386134e-1,6.43939388024460047e-1,6.32725036813498787e-1,9.47920567847991576e-8,-3.38897225742699046e-9,-6.90677840982970394e-17,2.13898762273961311e-8,6.93889390390722838e-18,3.46944695195361419e-18,9.54997146398964330e-15,4.77498573199482165e-15,-1.67593031245178055e-4,-8.37965156225890274e-5,-1.67585799799299315e-4,-8.37928998996496574e-5,7.23144588328097854e-9,3.61572294164048927e-9,-4.54089482657416349e-18,-2.27044741328708174e-18,3.88982906217469470e-14,1.94491453108734735e-14,1,0,560
116,7.81250000000000043e-4,1.27001953125000008e-2,7.50000000000000000e-1,0.00000000000000000e0,2.13162820728030056e-14,6.43939388024460047e-1,6.43445548497237230e-1,6.32239791227551473e-1,9.47193594188583959e-8,3.09031424335938739e-9,4.55375152939895269e-17,1.87175671341715708e-8,6.93889390390722838e-18,3.46944695195361419e-18,9.54630850276559466e-15,4.77315425138279733e-15,-1.67585799799299315e-4,-8.37928998996496574e-5,-1.67581855374227158e-4,-8.37909276871135790e-5,3.94442502190084941e-9,1.97221251095042470e-9,5.02559603031451350e-17,2.51279801515725675e-17,3.88833716673102820e-14,1.94416858336551410e-14,1,0,560
117,7.81250000000000043e-4,1.27001953125000008e-2,7.50000000000000000e-1,0.00000000000000000e0,2.13162820728030056e-14,6.43445548497237230e-1,6.42952066529525301e-1,6.31754924140196850e-1,9.46467187520100217e-8,-1.80799462383272712e-8,8.67445944974761445e-17,2.24597562473195872e-8,0.00000000000000000e0,0.00000000000000000e0,9.54264690837478987e-15,4.77132345418739494e-15,-1.67581855374227158e-4,-8.37909276871135790e-5,-1.67578568353435320e-4,-8.37892841767176599e-5,3.28702086199238258e-9,1.64351043099619129e-9,-7.01542581223349207e-17,-3.50771290611674604e-17,3.88684583133466990e-14,1.94342291566733495e-14,1,0,560
118,7.81250000000000043e-4,1.27001953125000008e-2,7.50000000000000000e-1,0.00000000000000000e0,2.13162820728030056e-14,6.42952066529525301e-1,6.42458989574710482e-1,6.31270408116380910e-1,9.45741306811307238e-8,8.47739547210036997e-9,-5.00814963314291257e-17,2.78816363675533386e-8,0.00000000000000000e0,0.00000000000000000e0,9.53898668081722896e-15,4.76949334040861448e-15,-1.67578568353435320e-4,-8.37892841767176599e-5,-1.67578897055493947e-4,-8.37894485277469736e-5,-3.28702075974574480e-10,-1.64351037987287240e-10,1.73472352250571655e-17,8.67361761252858275e-18,3.88535507610248166e-14,1.94267753805124083e-14,1,0,560
119,7.81250000000000043e-4,1.27001953125000008e-2,7.50000000000000000e-1,0.00000000000000000e0,2.13162820728030056e-14,6.42458989574710482e-1,6.41966280047400750e-1,6.30786289743579420e-1,9.45016021817098293e-8,-2.24004983215597575e-9,9.03478623153382813e-17,2.04522821725672274e-8,6.93889390390722838e-18,3.46944695195361419e-18,9.53532789602809309e-15,4.76766394801404654e-15,-1.67578897055493947e-4,-8.37894485277469736e-5,-1.67569364695013996e-4,-8.37846823475069981e-5,9.53236047265499683e-9,4.76618023632749842e-9,7.29604402262802403e-18,3.64802201131401202e-18,3.88386489668698854e-14,1.94193244834349427e-14,1,0,560
120,7.81250000000000043e-4,1.27001953125000008e-2,7.50000000000000000e-1,0.00000000000000000e0,2.13162820728030056e-14,6.41966280047400750e-1,6.41473944365283377e-1,6.30302532124578097e-1,9.44291277302299250e-8,-6.25802281906256367e-9,4.24736383050931124e-17,1.77323928008332247e-8,-6.93889390390722838e-18,-3.46944695195361419e-18,9.53167047807220109e-15,4.76583523903610054e-15,-1.67569364695013996e-4,-8.37846823475069981e-5,-1.67560489738752781e-4,-8.37802448693763906e-5,8.87495631580780634e-9,4.43747815790390317e-9,-5.45927673387259276e-17,-2.72963836693629638e-17,3.88237527040200495e-14,1.94118763520100247e-14,1,0,560
121,7.81250000000000043e-4,1.27001953125000008e-2,7.50000000000000000e-1,0.00000000000000000e0,2.13162820728030056e-14,6.41473944365283377e-1,6.40981992864149919e-1,6.29819141561051898e-1,9.43567082732051190e-8,3.46502884698019336e-10,-4.45777313219920781e-17,2.65485178058332580e-8,6.93889390390722838e-18,3.46944695195361419e-18,9.52801442694955295e-15,4.76400721347477648e-15,-1.67560489738752781e-4,-8.37802448693763906e-5,-1.67554901803241771e-4,-8.37774509016208854e-5,5.58793543238648612e-9,2.79396771619324306e-9,7.86237918471286481e-17,3.93118959235643241e-17,3.88088623799235630e-14,1.94044311899617815e-14,1,0,560
122,7.81250000000000043e-4,1.27001953125000008e-2,7.50000000000000000e-1,0.00000000000000000e0,2.13162820728030056e-14,6.40981992864149919e-1,6.40490418009024620e-1,6.29336128196524180e-1,9.42843453208204189e-8,-2.89317039999028360e-10,-4.48536438776576761e-17,2.41365265190131725e-8,6.93889390390722838e-18,3.46944695195361419e-18,9.52435974266014868e-15,4.76217987133007434e-15,-1.67554901803241771e-4,-8.37774509016208854e-5,-1.67550299974082717e-4,-8.37751499870413585e-5,4.60182917752352970e-9,2.30091458876176485e-9,-1.84697023073902784e-17,-9.23485115369513922e-18,3.87939776778876275e-14,1.93969888389438137e-14,1,0,560
123,7.81250000000000043e-4,1.27001953125000008e-2,7.50000000000000000e-1,0.00000000000000000e0,2.13162820728030056e-14,6.40490418009024620e-1,6.39999206771044271e-1,6.28853484633868032e-1,9.42120377744384902e-8,-1.36651479560598924e-8,4.20176252139212040e-17,2.70123739999637570e-8,0.00000000000000000e0,0.00000000000000000e0,9.52070650113916946e-15,4.76035325056958473e-15,-1.67550299974082717e-4,-8.37751499870413585e-5,-1.67556874015817314e-4,-8.37784370079086571e-5,-6.57404169337199686e-9,-3.28702084668599843e-9,-4.12251944589015290e-17,-2.06125972294507645e-17,3.87790985406909929e-14,1.93895492703454964e-14,1,0,560
124,7.81250000000000043e-4,1.27001953125000008e-2,7.50000000000000000e-1,0.00000000000000000e0,2.13162820728030056e-14,6.39999206771044271e-1,6.39508398908471776e-1,6.28371198083077620e-1,9.41397837173135984e-8,1.29961462325432354e-8,-4.08680906622950363e-17,2.76753062673386028e-8,0.00000000000000000e0,0.00000000000000000e0,9.51705462645143569e-15,4.75852731322571784e-15,-1.67556874015817314e-4,-8.37784370079086571e-5,-1.67545698144913255e-4,-8.37728490724566274e-5,1.11758708910999523e-8,5.58793544554997617e-9,1.29594072240050076e-17,6.47970361200250378e-18,3.87642252714312162e-14,1.93821126357156081e-14,1,0,560
125,7.81250000000000043e-4,1.27001953125000008e-2,7.50000000000000000e-1,0.00000000000000000e0,2.13162820728030056e-14,6.39508398908471776e-1,6.39017936706650969e-1,6.27889307579923894e-1,9.40675889895594424e-8,-1.77478629628313147e-8,-1.82516608066437506e-17,2.61967775148474120e-8,0.00000000000000000e0,0.00000000000000000e0,9.51340411859694420e-15,4.75670205929847210e-15,-1.67545698144913255e-4,-8.37728490724566274e-5,-1.67546026846972750e-4,-8.37730134234863748e-5,-3.28702085770660597e-10,-1.64351042885330298e-10,2.62759596036471355e-17,1.31379798018235677e-17,3.87493576308059281e-14,1.93746788154029641e-14,1,0,560
126,7.81250000000000043e-4,1.27001953125000008e-2,7.50000000000000000e-1,0.00000000000000000e0,2.13162820728030056e-14,6.39017936706650969e-1,6.38527860381467693e-1,6.27407756456273669e-1,9.39954451072087502e-8,-8.01089687209392876e-9,-4.64416600994569385e-17,2.20573555391642750e-8,0.00000000000000000e0,0.00000000000000000e0,9.50975505351087776e-15,4.75487752675543888e-15,-1.67546026846972750e-4,-8.37730134234863748e-5,-1.67552272186542901e-4,-8.37761360932714506e-5,-6.24533960025427340e-9,-3.12266980012713670e-9,3.01025533655990951e-17,1.50512766827995475e-17,3.87344953307078349e-14,1.93672476653539174e-14,1,0,560
127,7.81250000000000043e-4,1.27001953125000008e-2,7.50000000000000000e-1,0.00000000000000000e0,2.13162820728030056e-14,6.38527860381467693e-1,6.38038175069786995e-1,6.26926584198504888e-1,9.39233579905466772e-8,7.15886636620171719e-9,2.64421873380039543e-17,2.99365017123983921e-8,6.93889390390722838e-18,3.46944695195361419e-18,9.50610735525805518e-15,4.75305367762902759e-15,-1.67552272186542901e-4,-8.37761360932714506e-5,-1.67551286080369621e-4,-8.37756430401848107e-5,9.86106242617849023e-10,4.93053121308924511e-10,-6.93379164709384816e-17,-3.46689582354692408e-17,3.87196393634153574e-14,1.93598196817076787e-14,1,0,560
128,7.81250000000000043e-4,1.27001953125000008e-2,7.50000000000000000e-1,0.00000000000000000e0,2.13162820728030056e-14,6.38038175069786995e-1,6.37548845026614464e-1,6.26445795849402520e-1,9.38513283845838845e-8,-1.31164934688854589e-8,-1.01106130762401413e-16,2.02248203146277542e-8,6.93889390390722838e-18,3.46944695195361419e-18,9.50246102383847805e-15,4.75123051191923903e-15,-1.67551286080369621e-4,-8.37756430401848107e-5,-1.67551286080334060e-4,-8.37756430401670298e-5,-2.51024697205356731e-17,-1.25512348602678366e-17,6.06643009780602186e-17,3.03321504890301093e-17,3.87047887356450849e-14,1.93523943678225424e-14,1,0,560
