kind,h,actual_momentum_rate_L2,actual_momentum_defect_over_h2_L2,exact_momentum_defect_over_h2_limit_L2,pressure_endpoint_coefficient_L2_error,pressure_average_coefficient_L2_error,invalid_pressure_derivative_L2_error,exact_invalid_pressure_derivative_L2_limit,native_pressure_reference_area_RMS_error_at_T_0_1
initial,0.05,0.002282972901515325,0.045659458030306486,0.03445061979851648,0.0023652207660192948,0.002945992077609775,0.025572602631992992,0.03726511429726572,0.00027198833131004637
initial,0.025,0.0009962025133985809,0.03984810053594323,0.03445061979851648,0.0010552860875653067,0.0014133328423472972,0.03129206696045305,0.03726511429726572,0.00013743222765133376
initial,0.0125,0.00046372974665377415,0.03709837973230192,0.03445061979851648,0.0004964806422520578,0.0006923736830050688,0.034266506328553714,0.03726511429726572,6.907946315515181e-05
initial,0.00625,0.00022351154041370648,0.03576184646619303,0.03445061979851648,0.00024053978068611857,0.0003426955892480213,0.03576476391261748,0.03726511429726572,3.463108208353523e-05
initial,0.003125,0.00010969712965780278,0.03510308149049689,0.03445061979851648,0.00011835773037656848,0.00017048584545387225,0.03651472810406669,0.03726511429726572,1.733844621961326e-05
pressure_state,0.05,0.0026233835431204054,0.052467670862408104,0.039328827836329606,0.0025497197570583186,0.003581991699504422,0.02795221705343164,0.04069954064227949,0.0002815256164259422
pressure_state,0.025,0.0011419481945739004,0.04567792778295601,0.039328827836329606,0.0011446975124907658,0.001724209194953708,0.034152702249569046,0.04069954064227949,0.00014227641630064935
pressure_state,0.0125,0.0005306105555483477,0.04244884444386782,0.039328827836329606,0.0005403595227013862,0.0008459448358873651,0.0374043838622726,0.04069954064227949,7.153586735191769e-05
pressure_state,0.00625,0.0002554704187290946,0.04087526699665513,0.039328827836329606,0.0002622521278790367,0.0004190024742802296,0.039048464375835625,0.04069954064227949,3.5879694789601455e-05
pressure_state,0.003125,0.0001253083212709822,0.0400986628067143,0.039328827836329606,0.0001291530525771068,0.00020851770856240845,0.039873334523398765,0.04069954064227949,1.7967106555327613e-05
