step,time,carrier_version,liquid_version,volume_before,volume_after,inward,outward,source,balance,budget,divergence,owned_bytes,workspace_bytes,total_bytes,accepted_energy
1,1.25000000000000000e-1,1,1,4.00000000000000000e0,4.00000000000000000e0,0.00000000000000000e0,0.00000000000000000e0,0.00000000000000000e0,0.00000000000000000e0,1.13686837721616030e-13,0.00000000000000000e0,640,160,800,6.86645507812500000e-3
2,2.50000000000000000e-1,2,2,4.00000000000000000e0,4.00000000000000000e0,0.00000000000000000e0,0.00000000000000000e0,0.00000000000000000e0,0.00000000000000000e0,1.13686837721616030e-13,0.00000000000000000e0,640,160,800,5.94657424924094347e-3
3,3.75000000000000000e-1,3,3,4.00000000000000000e0,4.00000000000000000e0,0.00000000000000000e0,0.00000000000000000e0,0.00000000000000000e0,0.00000000000000000e0,1.13686837721616030e-13,0.00000000000000000e0,640,160,800,5.15523943740772705e-3
4,5.00000000000000000e-1,4,4,4.00000000000000000e0,4.00000000000000000e0,0.00000000000000000e0,0.00000000000000000e0,0.00000000000000000e0,0.00000000000000000e0,1.13686837721616030e-13,0.00000000000000000e0,640,160,800,4.47346569268525229e-3
5,6.25000000000000000e-1,5,5,4.00000000000000000e0,4.00000000000000000e0,0.00000000000000000e0,0.00000000000000000e0,0.00000000000000000e0,0.00000000000000000e0,1.13686837721616030e-13,0.00000000000000000e0,640,160,800,3.88527185474843439e-3
6,7.50000000000000000e-1,6,6,4.00000000000000000e0,4.00000000000000000e0,0.00000000000000000e0,0.00000000000000000e0,0.00000000000000000e0,0.00000000000000000e0,1.13686837721616030e-13,0.00000000000000000e0,640,160,800,3.37716447136895970e-3
7,8.75000000000000000e-1,7,7,4.00000000000000000e0,4.00000000000000000e0,0.00000000000000000e0,0.00000000000000000e0,0.00000000000000000e0,0.00000000000000000e0,1.13686837721616030e-13,0.00000000000000000e0,640,160,800,2.93771984251181562e-3
8,1.00000000000000000e0,8,8,4.00000000000000000e0,4.00000000000000000e0,0.00000000000000000e0,0.00000000000000000e0,0.00000000000000000e0,0.00000000000000000e0,1.13686837721616030e-13,0.00000000000000000e0,640,160,800,2.55724193445594494e-3
9,1.12500000000000000e0,9,9,4.00000000000000000e0,4.00000000000000000e0,0.00000000000000000e0,0.00000000000000000e0,0.00000000000000000e0,0.00000000000000000e0,1.13686837721616030e-13,0.00000000000000000e0,640,160,800,2.22748468234248986e-3
