step,time,dt,pressure,volume_before,volume_after,inward,outward,source,balance,budget,wet_divergence
1,5.00000000000000000e-1,5.00000000000000000e-1,1.25000000000000000e-1,1.00000000000000000e0,1.00000000000000000e0,0.00000000000000000e0,0.00000000000000000e0,0.00000000000000000e0,0.00000000000000000e0,2.84217094304040074e-14,0.00000000000000000e0
2,1.00000000000000000e0,5.00000000000000000e-1,1.25000000000000000e-1,1.00000000000000000e0,1.00000000000000000e0,0.00000000000000000e0,0.00000000000000000e0,0.00000000000000000e0,0.00000000000000000e0,2.84217094304040074e-14,0.00000000000000000e0
3,1.50000000000000000e0,5.00000000000000000e-1,1.25000000000000000e-1,1.00000000000000000e0,1.00000000000000000e0,0.00000000000000000e0,0.00000000000000000e0,0.00000000000000000e0,0.00000000000000000e0,2.84217094304040074e-14,0.00000000000000000e0
4,2.00000000000000000e0,5.00000000000000000e-1,1.25000000000000000e-1,1.00000000000000000e0,1.00000000000000000e0,0.00000000000000000e0,0.00000000000000000e0,0.00000000000000000e0,0.00000000000000000e0,2.84217094304040074e-14,0.00000000000000000e0
5,2.50000000000000000e0,5.00000000000000000e-1,1.25000000000000000e-1,1.00000000000000000e0,1.00000000000000000e0,0.00000000000000000e0,0.00000000000000000e0,0.00000000000000000e0,0.00000000000000000e0,2.84217094304040074e-14,0.00000000000000000e0
6,3.00000000000000000e0,5.00000000000000000e-1,1.25000000000000000e-1,1.00000000000000000e0,1.00000000000000000e0,0.00000000000000000e0,0.00000000000000000e0,0.00000000000000000e0,0.00000000000000000e0,2.84217094304040074e-14,0.00000000000000000e0
7,3.50000000000000000e0,5.00000000000000000e-1,1.25000000000000000e-1,1.00000000000000000e0,1.00000000000000000e0,0.00000000000000000e0,0.00000000000000000e0,0.00000000000000000e0,0.00000000000000000e0,2.84217094304040074e-14,0.00000000000000000e0
8,4.00000000000000000e0,5.00000000000000000e-1,1.25000000000000000e-1,1.00000000000000000e0,1.00000000000000000e0,0.00000000000000000e0,0.00000000000000000e0,0.00000000000000000e0,0.00000000000000000e0,2.84217094304040074e-14,0.00000000000000000e0
9,4.50000000000000000e0,5.00000000000000000e-1,1.25000000000000000e-1,1.00000000000000000e0,1.00000000000000000e0,0.00000000000000000e0,0.00000000000000000e0,0.00000000000000000e0,0.00000000000000000e0,2.84217094304040074e-14,0.00000000000000000e0
10,5.00000000000000000e0,5.00000000000000000e-1,1.25000000000000000e-1,1.00000000000000000e0,1.00000000000000000e0,0.00000000000000000e0,0.00000000000000000e0,0.00000000000000000e0,0.00000000000000000e0,2.84217094304040074e-14,0.00000000000000000e0
11,5.50000000000000000e0,5.00000000000000000e-1,1.25000000000000000e-1,1.00000000000000000e0,1.00000000000000000e0,0.00000000000000000e0,0.00000000000000000e0,0.00000000000000000e0,0.00000000000000000e0,2.84217094304040074e-14,0.00000000000000000e0
12,6.00000000000000000e0,5.00000000000000000e-1,1.25000000000000000e-1,1.00000000000000000e0,1.00000000000000000e0,0.00000000000000000e0,0.00000000000000000e0,0.00000000000000000e0,0.00000000000000000e0,2.84217094304040074e-14,0.00000000000000000e0
13,6.50000000000000000e0,5.00000000000000000e-1,1.25000000000000000e-1,1.00000000000000000e0,1.00000000000000000e0,0.00000000000000000e0,0.00000000000000000e0,0.00000000000000000e0,0.00000000000000000e0,2.84217094304040074e-14,0.00000000000000000e0
14,7.00000000000000000e0,5.00000000000000000e-1,1.25000000000000000e-1,1.00000000000000000e0,1.00000000000000000e0,0.00000000000000000e0,0.00000000000000000e0,0.00000000000000000e0,0.00000000000000000e0,2.84217094304040074e-14,0.00000000000000000e0
15,7.50000000000000000e0,5.00000000000000000e-1,1.25000000000000000e-1,1.00000000000000000e0,1.00000000000000000e0,0.00000000000000000e0,0.00000000000000000e0,0.00000000000000000e0,0.00000000000000000e0,2.84217094304040074e-14,0.00000000000000000e0
16,8.00000000000000000e0,5.00000000000000000e-1,1.25000000000000000e-1,1.00000000000000000e0,1.00000000000000000e0,0.00000000000000000e0,0.00000000000000000e0,0.00000000000000000e0,0.00000000000000000e0,2.84217094304040074e-14,0.00000000000000000e0
