step,time,dt,external_force_work,stage_energy_before,stage_energy_after,accepted_energy,divergence,pressure_iterations
1,2.00000000000000004e-2,2.00000000000000004e-2,2.14598155156792356e-2,0.00000000000000000e0,2.14598155156809807e-2,8.09423345647926539e-6,2.23517417907714844e-8,146
2,4.00000000000000008e-2,2.00000000000000004e-2,2.14760173347120255e-2,8.07736692462246316e-6,2.14840947016367197e-2,3.23431605325292780e-5,4.47034835815429688e-8,146
3,5.99999999999999978e-2,2.00000000000000004e-2,2.14922271667406309e-2,3.22090490596258240e-5,2.15244362158004549e-2,7.25957233232909035e-5,7.45058059692382812e-8,146
4,8.00000000000000017e-2,2.00000000000000004e-2,2.15084103399215201e-2,7.21475829418260622e-5,2.15805579228635046e-2,1.28570985692403917e-4,8.94069671630859375e-8,146
5,1.00000000000000006e-1,2.00000000000000004e-2,2.15245317763544559e-2,1.27523231786565112e-4,2.16520550081412654e-2,1.99866387920580438e-4,1.19209289550781250e-7,146
6,1.20000000000000009e-1,2.00000000000000004e-2,2.15405572811034202e-2,1.97855340344971182e-4,2.17384126214486897e-2,2.85969428541220589e-4,1.19209289550781250e-7,146
7,1.40000000000000013e-1,2.00000000000000004e-2,2.15564532560401090e-2,2.82566408730505758e-4,2.18390196647705592e-2,3.86272079288246383e-4,1.78813934326171875e-7,146
8,1.60000000000000003e-1,2.00000000000000004e-2,2.15721876877246199e-2,3.80998109106293404e-4,2.19531857968311532e-2,5.00087065453400374e-4,1.56462192535400391e-7,146
9,1.79999999999999993e-1,2.00000000000000004e-2,2.15877301121576402e-2,4.92428253500696829e-4,2.20801583656584956e-2,6.26665095974230399e-4,1.93715095520019531e-7,146
10,1.99999999999999983e-1,2.00000000000000004e-2,2.16030519744749572e-2,6.16087838034879852e-4,2.22191398125099540e-2,7.65212083240099524e-4,2.98023223876953125e-7,146
