step,time,dt,volume_before,volume_after,inward,outward,source,balance,budget,wet_divergence,reconstruction_change,collapsed_columns,geometry_version,pressure_geometry_version
1,3.12500000000000000e-2,3.12500000000000000e-2,3.75000000000000000e-1,3.76953125000000000e-1,3.90625000000000000e-3,1.95312500000000000e-3,0.00000000000000000e0,0.00000000000000000e0,1.07691633388640184e-14,0.00000000000000000e0,0.00000000000000000e0,0,1,0
2,6.25000000000000000e-2,3.12500000000000000e-2,3.76953125000000000e-1,3.78906250000000000e-1,3.90625000000000000e-3,1.95312500000000000e-3,0.00000000000000000e0,0.00000000000000000e0,1.08246744900952763e-14,0.00000000000000000e0,0.00000000000000000e0,0,2,1
3,9.37500000000000000e-2,3.12500000000000000e-2,3.78906250000000000e-1,3.80859375000000000e-1,3.90625000000000000e-3,1.95312500000000000e-3,0.00000000000000000e0,0.00000000000000000e0,1.08801856413265341e-14,0.00000000000000000e0,0.00000000000000000e0,0,3,2
4,1.25000000000000000e-1,3.12500000000000000e-2,3.80859375000000000e-1,3.82812500000000000e-1,3.90625000000000000e-3,1.95312500000000000e-3,0.00000000000000000e0,0.00000000000000000e0,1.09356967925577919e-14,0.00000000000000000e0,0.00000000000000000e0,0,4,3
5,1.56250000000000000e-1,3.12500000000000000e-2,3.82812500000000000e-1,3.84765625000000000e-1,3.90625000000000000e-3,1.95312500000000000e-3,0.00000000000000000e0,0.00000000000000000e0,1.09912079437890498e-14,0.00000000000000000e0,0.00000000000000000e0,0,5,4
6,1.87500000000000000e-1,3.12500000000000000e-2,3.84765625000000000e-1,3.86718750000000000e-1,3.90625000000000000e-3,1.95312500000000000e-3,0.00000000000000000e0,0.00000000000000000e0,1.10467190950203076e-14,0.00000000000000000e0,0.00000000000000000e0,0,6,5
7,2.18750000000000000e-1,3.12500000000000000e-2,3.86718750000000000e-1,3.88671875000000000e-1,3.90625000000000000e-3,1.95312500000000000e-3,0.00000000000000000e0,0.00000000000000000e0,1.11022302462515654e-14,0.00000000000000000e0,0.00000000000000000e0,0,7,6
8,2.50000000000000000e-1,3.12500000000000000e-2,3.88671875000000000e-1,3.90625000000000000e-1,3.90625000000000000e-3,1.95312500000000000e-3,0.00000000000000000e0,0.00000000000000000e0,1.11577413974828232e-14,0.00000000000000000e0,0.00000000000000000e0,0,8,7
9,2.81250000000000000e-1,3.12500000000000000e-2,3.90625000000000000e-1,3.92578124904436609e-1,3.90625000000000000e-3,1.95312509556336495e-3,0.00000000000000000e0,-2.55871712706579046e-17,1.12132525487140811e-14,0.00000000000000000e0,0.00000000000000000e0,0,9,8
10,3.12500000000000000e-1,3.12500000000000000e-2,3.92578124904436609e-1,3.94531249093250380e-1,3.90625000000000000e-3,1.95312581118625922e-3,0.00000000000000000e0,2.94902990916057206e-17,1.12687636972292640e-14,0.00000000000000000e0,0.00000000000000000e0,0,10,9
11,3.43750000000000000e-1,3.12500000000000000e-2,3.94531249093250380e-1,3.96484370317012946e-1,3.90625000000000000e-3,1.95312877623743473e-3,0.00000000000000000e0,8.67361737988403547e-19,1.13242748254052225e-14,0.00000000000000000e0,0.00000000000000000e0,0,11,10
12,3.75000000000000000e-1,3.12500000000000000e-2,3.96484370317012946e-1,3.98437482553883782e-1,3.90625000000000000e-3,1.95313776312913906e-3,0.00000000000000000e0,-2.55871712706579046e-17,1.13797858693093572e-14,0.00000000000000000e0,0.00000000000000000e0,0,12,11
13,4.06250000000000000e-1,3.12500000000000000e-2,3.98437482553883782e-1,4.00390572536209965e-1,3.90625000000000000e-3,1.95316001767385523e-3,0.00000000000000000e0,3.90312782094781596e-17,1.14352966577906665e-14,0.00000000000000000e0,0.00000000000000000e0,0,13,12
14,4.37500000000000000e-1,3.12500000000000000e-2,4.00390572536209965e-1,4.02343614790761805e-1,3.90625000000000000e-3,1.95320774544813051e-3,0.00000000000000000e0,-2.94902990916057206e-17,1.14908068137597742e-14,0.00000000000000000e0,0.00000000000000000e0,0,14,13
15,4.68750000000000000e-1,3.12500000000000000e-2,4.02343614790761805e-1,4.04296565204187830e-1,3.90625000000000000e-3,1.95329958657397204e-3,0.00000000000000000e0,-3.46944695195361419e-18,1.15463156132239477e-14,0.00000000000000000e0,0.00000000000000000e0,0,15,14
16,5.00000000000000000e-1,3.12500000000000000e-2,4.04296565204187830e-1,4.06249353290851156e-1,3.90625000000000000e-3,1.95346191333670626e-3,0.00000000000000000e0,3.29597460435593348e-17,1.16018218024063296e-14,0.00000000000000000e0,0.00000000000000000e0,0,16,15
