implementation,step,time,boundary_version,kinetic_old,kinetic_accepted,advection_change,smoke_work,external_work,boundary_work,correction_energy,divergence_work,correction_work,budget_error,volume_imbalance,tracer_transport_change,tracer_source_change,actual_divergence,simulation_array_bytes,boundary_array_bytes
jacobi-pcg-v1,0,5.00000000000000000e-1,0,0.00000000000000000e0,0.00000000000000000e0,0.00000000000000000e0,0.00000000000000000e0,0.00000000000000000e0,0.00000000000000000e0,0.00000000000000000e0,0.00000000000000000e0,0.00000000000000000e0,0.00000000000000000e0,0.00000000000000000e0,0.00000000000000000e0,1.00000000000000000e0,0.00000000000000000e0,568,452
jacobi-pcg-v1,1,7.50000000000000000e-1,1,0.00000000000000000e0,2.54166659076387802e-1,0.00000000000000000e0,0.00000000000000000e0,1.56250000000000000e-2,5.00000000000000000e-1,2.61458325308437267e-1,-8.02489618460337200e-9,-7.59027873713236101e-9,0.00000000000000000e0,0.00000000000000000e0,6.25246912240982056e-2,0.00000000000000000e0,9.31322574615478516e-9,568,452
jacobi-pcg-v1,2,1.00000000000000000e0,2,2.54166659076387802e-1,2.65853862684115205e-1,-6.05387568355597594e-4,0.00000000000000000e0,2.38891760549439502e-2,2.15113162994363949e-4,1.18117000325234124e-2,1.19649997779950691e-9,7.94168131719915601e-10,-1.04083408558608426e-17,0.00000000000000000e0,6.25709492014721036e-2,0.00000000000000000e0,7.45058059692382812e-9,568,452
jacobi-pcg-v1,3,1.25000000000000000e0,3,2.65853862684115205e-1,2.83853412306687647e-1,-2.33648810111086735e-3,0.00000000000000000e0,3.16104078880194428e-2,8.06525349617011333e-4,1.20808875677204837e-2,3.20340300582107361e-10,-8.26657298632257027e-9,2.42861286636752993e-17,0.00000000000000000e0,6.23589338501915336e-2,0.00000000000000000e0,1.49011611938476562e-8,568,452
jacobi-pcg-v1,4,1.50000000000000000e0,4,2.83853412306687647e-1,3.07000002626835355e-1,-5.04899322088459002e-3,0.00000000000000000e0,3.87778654694557190e-2,1.69742852449416420e-3,1.22797109911869790e-2,2.28800959659974187e-10,3.09468448552358747e-10,-1.38777878078144568e-17,0.00000000000000000e0,6.18913923390209675e-2,0.00000000000000000e0,2.23517417907714844e-8,568,452
sgs-pcg-v1,0,5.00000000000000000e-1,0,0.00000000000000000e0,0.00000000000000000e0,0.00000000000000000e0,0.00000000000000000e0,0.00000000000000000e0,0.00000000000000000e0,0.00000000000000000e0,0.00000000000000000e0,0.00000000000000000e0,0.00000000000000000e0,0.00000000000000000e0,0.00000000000000000e0,1.00000000000000000e0,0.00000000000000000e0,568,452
sgs-pcg-v1,1,7.50000000000000000e-1,1,0.00000000000000000e0,2.54166659076387802e-1,0.00000000000000000e0,0.00000000000000000e0,1.56250000000000000e-2,5.00000000000000000e-1,2.61458325308437267e-1,-8.02489618460337365e-9,-7.59027876442534248e-9,0.00000000000000000e0,0.00000000000000000e0,6.25246912240982056e-2,0.00000000000000000e0,9.31322574615478516e-9,568,452
sgs-pcg-v1,2,1.00000000000000000e0,2,2.54166659076387802e-1,2.65853862684115205e-1,-6.05387568355597594e-4,0.00000000000000000e0,2.38891760549439502e-2,2.15113162994377827e-4,1.18117000325234124e-2,1.19649997779950670e-9,7.94168117842127586e-10,-1.04083408558608426e-17,0.00000000000000000e0,6.25709492014721036e-2,0.00000000000000000e0,7.45058059692382812e-9,568,452
sgs-pcg-v1,3,1.25000000000000000e0,3,2.65853862684115205e-1,2.83853412306687647e-1,-2.33648810111086735e-3,0.00000000000000000e0,3.16104078880194428e-2,8.06525349617000925e-4,1.20808875677204837e-2,3.20340300582108136e-10,-8.26657297591422776e-9,2.42861286636752993e-17,0.00000000000000000e0,6.23589338501915336e-2,0.00000000000000000e0,1.49011611938476562e-8,568,452
sgs-pcg-v1,4,1.50000000000000000e0,4,2.83853412306687647e-1,3.07000002626835355e-1,-5.04899322088459002e-3,0.00000000000000000e0,3.87778654694557190e-2,1.69742852449417114e-3,1.22797109911869790e-2,2.28800959659972946e-10,3.09468441613465774e-10,-1.38777878078144568e-17,0.00000000000000000e0,6.18913923390209675e-2,0.00000000000000000e0,2.23517417907714844e-8,568,452
