step,layer,position,dual_length,mass,before0,before1,force0,force1,after0,after1
1,0,5.88235294117647051e-2,1.17647058823529410e-1,2.64705882352941124e-1,9.82973098754882812e-1,4.91486549377441406e-1,-1.26947863027453423e-1,-6.34739315137267113e-2,9.70983564853668213e-1,4.85491782426834106e-1
1,1,1.76470588235294101e-1,1.17647058823529410e-1,2.64705882352941124e-1,8.50217163562774658e-1,4.25108581781387329e-1,-1.09802955016493786e-1,-5.49014775082468931e-2,8.39846909046173096e-1,4.19923454523086548e-1
1,2,2.94117647058823539e-1,1.17647058823529410e-1,2.64705882352941124e-1,6.02634608745574951e-1,3.01317304372787476e-1,-7.78282977640628593e-2,-3.89141488820314296e-2,5.95284163951873779e-1,2.97642081975936890e-1
1,3,4.11764705882352922e-1,1.17647058823529410e-1,2.64705882352941124e-1,2.73662984371185303e-1,1.36831492185592651e-1,-3.53427347727119923e-2,-1.76713673863559961e-2,2.70325064659118652e-1,1.35162532329559326e-1
1,4,5.29411764705882359e-1,1.17647058823529410e-1,2.64705882352941124e-1,-9.22683626413345337e-2,-4.61341813206672668e-2,1.19161795824765937e-2,5.95808979123829685e-3,-9.11429449915885925e-2,-4.55714724957942963e-2
1,5,6.47058823529411797e-1,1.17647058823529410e-1,2.64705882352941124e-1,-4.45738345384597778e-1,-2.22869172692298889e-1,5.75656997971236706e-2,2.87828498985618353e-2,-4.40301597118377686e-1,-2.20150798559188843e-1
1,6,7.64705882352941124e-1,1.17647058823529410e-1,2.64705882352941124e-1,-7.39008903503417969e-1,-3.69504451751708984e-1,9.54406661912798882e-2,4.77203330956399441e-2,-7.29995071887969971e-1,-3.64997535943984985e-1
1,7,8.82352941176470562e-1,1.76470588235294157e-1,3.97058823529411853e-1,-9.32472229003906250e-1,-4.66236114501953125e-1,1.84999305009841908e-1,9.24996525049209539e-2,-9.20824110507965088e-1,-4.60412055253982544e-1
2,0,5.88235294117647051e-2,1.17647058823529410e-1,2.64705882352941124e-1,9.70983564853668213e-1,4.85491782426834106e-1,-1.25399427115917200e-1,-6.26997135579586001e-2,9.59140300750732422e-1,4.79570150375366211e-1
2,1,1.76470588235294101e-1,1.17647058823529410e-1,2.64705882352941124e-1,8.39846909046173096e-1,4.19923454523086548e-1,-1.08463697880506499e-1,-5.42318489402532494e-2,8.29603135585784912e-1,4.14801567792892456e-1
2,2,2.94117647058823539e-1,1.17647058823529410e-1,2.64705882352941124e-1,5.95284163951873779e-1,2.97642081975936890e-1,-7.68790137022733466e-2,-3.84395068511366733e-2,5.88023364543914795e-1,2.94011682271957397e-1
2,3,4.11764705882352922e-1,1.17647058823529410e-1,2.64705882352941124e-1,2.70325064659118652e-1,1.35162532329559326e-1,-3.49116455297917572e-2,-1.74558227648958786e-2,2.67027854919433594e-1,1.33513927459716797e-1
2,4,5.29411764705882359e-1,1.17647058823529410e-1,2.64705882352941124e-1,-9.11429449915885925e-2,-4.55714724957942963e-2,1.17708231322467549e-2,5.88541156612337746e-3,-9.00312587618827820e-2,-4.50156293809413910e-2
2,5,6.47058823529411797e-1,1.17647058823529410e-1,2.64705882352941124e-1,-4.40301597118377686e-1,-2.20150798559188843e-1,5.68635758478194253e-2,2.84317879239097127e-2,-4.34931159019470215e-1,-2.17465579509735107e-1
2,6,7.64705882352941124e-1,1.17647058823529410e-1,2.64705882352941124e-1,-7.29995071887969971e-1,-3.64997535943984985e-1,9.45391170680522919e-2,4.72695585340261459e-2,-7.21066355705261230e-1,-3.60533177852630615e-1
2,7,8.82352941176470562e-1,1.76470588235294157e-1,3.97058823529411853e-1,-9.20824110507965088e-1,-4.60412055253982544e-1,1.82480268180370331e-1,9.12401340901851654e-2,-9.09334599971771240e-1,-4.54667299985885620e-1
3,0,5.88235294117647051e-2,1.17647058823529410e-1,2.64705882352941124e-1,9.59140300750732422e-1,4.79570150375366211e-1,-1.23869914188981051e-1,-6.19349570944905253e-2,9.47441458702087402e-1,4.73720729351043701e-1
3,1,1.76470588235294101e-1,1.17647058823529410e-1,2.64705882352941124e-1,8.29603135585784912e-1,4.14801567792892456e-1,-1.07140741869807238e-1,-5.35703709349036189e-2,8.19484293460845947e-1,4.09742146730422974e-1
3,2,2.94117647058823539e-1,1.17647058823529410e-1,2.64705882352941124e-1,5.88023364543914795e-1,2.94011682271957397e-1,-7.59413000196218491e-2,-3.79706500098109245e-2,5.80851137638092041e-1,2.90425568819046021e-1
3,3,4.11764705882352922e-1,1.17647058823529410e-1,2.64705882352941124e-1,2.67027854919433594e-1,1.33513927459716797e-1,-3.44858213793486357e-2,-1.72429106896743178e-2,2.63770848512649536e-1,1.31885424256324768e-1
3,4,5.29411764705882359e-1,1.17647058823529410e-1,2.64705882352941124e-1,-9.00312587618827820e-2,-4.50156293809413910e-2,1.16272478364408127e-2,5.81362391822040636e-3,-8.89331325888633728e-2,-4.44665662944316864e-2
3,5,6.47058823529411797e-1,1.17647058823529410e-1,2.64705882352941124e-1,-4.34931159019470215e-1,-2.17465579509735107e-1,5.61937477905303240e-2,2.80968738952651620e-2,-4.29623961448669434e-1,-2.14811980724334717e-1
3,6,7.64705882352941124e-1,1.17647058823529410e-1,2.64705882352941124e-1,-7.21066355705261230e-1,-3.60533177852630615e-1,9.35852732509374619e-2,4.67926366254687309e-2,-7.12227761745452881e-1,-3.56113880872726440e-1
3,7,8.82352941176470562e-1,1.76470588235294157e-1,3.97058823529411853e-1,-9.09334599971771240e-1,-4.54667299985885620e-1,1.80031508579850175e-1,9.00157542899250873e-2,-8.97999286651611328e-1,-4.48999643325805664e-1
4,0,5.88235294117647051e-2,1.17647058823529410e-1,2.64705882352941124e-1,9.47441458702087402e-1,4.73720729351043701e-1,-1.22359039261937128e-1,-6.11795196309685638e-2,9.35885310173034668e-1,4.67942655086517334e-1
4,1,1.76470588235294101e-1,1.17647058823529410e-1,2.64705882352941124e-1,8.19484293460845947e-1,4.09742146730422974e-1,-1.05833915993571268e-1,-5.29169579967856338e-2,8.09488892555236816e-1,4.04744446277618408e-1
4,2,2.94117647058823539e-1,1.17647058823529410e-1,2.64705882352941124e-1,5.80851137638092041e-1,2.90425568819046021e-1,-7.50150712206959780e-2,-3.75075356103479890e-2,5.73766410350799561e-1,2.86883205175399780e-1
4,3,4.11764705882352922e-1,1.17647058823529410e-1,2.64705882352941124e-1,2.63770848512649536e-1,1.31885424256324768e-1,-3.40651554521173017e-2,-1.70325777260586508e-2,2.60553598403930664e-1,1.30276799201965332e-1
4,4,5.29411764705882359e-1,1.17647058823529410e-1,2.64705882352941124e-1,-8.89331325888633728e-2,-4.44665662944316864e-2,1.14875768311321624e-2,5.74378841556608122e-3,-8.78481939435005188e-2,-4.39240969717502594e-2
4,5,6.47058823529411797e-1,1.17647058823529410e-1,2.64705882352941124e-1,-4.29623961448669434e-1,-2.14811980724334717e-1,5.55457210633903409e-2,2.77728605316951704e-2,-4.24377977848052979e-1,-2.12188988924026489e-1
4,6,7.64705882352941124e-1,1.17647058823529410e-1,2.64705882352941124e-1,-7.12227761745452881e-1,-3.56113880872726440e-1,9.25958633422851729e-2,4.62979316711425865e-2,-7.03482568264007568e-1,-3.51741284132003784e-1
4,7,8.82352941176470562e-1,1.76470588235294157e-1,3.97058823529411853e-1,-8.97999286651611328e-1,-4.48999643325805664e-1,1.77644020691513999e-1,8.88220103457569993e-2,-8.86814296245574951e-1,-4.43407148122787476e-1
