case,surface_id,version,parameter,triangle,x,y,z,normal_x,normal_y,normal_z
crossing,1,0,2.50000000000000000e-1,9,-4.00000000000000078e-1,1.00000000000000006e-1,0.00000000000000000e0,-1.00000000000000000e0,0.00000000000000000e0,0.00000000000000000e0
miss,1,0,,,8.00000000000000044e-1,5.00000000000000000e-1,0.00000000000000000e0,,,
inside-start,1,0,3.33333333333333315e-1,10,1.99999999999999983e-1,0.00000000000000000e0,0.00000000000000000e0,1.00000000000000000e0,0.00000000000000000e0,0.00000000000000000e0
crossing,1,1,3.12500000000000000e-1,9,-3.00000000000000044e-1,1.00000000000000006e-1,0.00000000000000000e0,-1.00000000000000000e0,0.00000000000000000e0,0.00000000000000000e0
miss,1,1,,,8.00000000000000044e-1,5.00000000000000000e-1,0.00000000000000000e0,,,
inside-start,1,1,3.74999999999999944e-1,10,2.99999999999999989e-1,0.00000000000000000e0,0.00000000000000000e0,1.00000000000000000e0,0.00000000000000000e0,0.00000000000000000e0
crossing,1,2,3.75000000000000056e-1,9,-1.99999999999999956e-1,1.00000000000000006e-1,0.00000000000000000e0,-1.00000000000000000e0,0.00000000000000000e0,0.00000000000000000e0
miss,1,2,,,8.00000000000000044e-1,5.00000000000000000e-1,0.00000000000000000e0,,,
inside-start,1,2,4.28571428571428603e-1,10,4.00000000000000078e-1,0.00000000000000000e0,0.00000000000000000e0,1.00000000000000000e0,0.00000000000000000e0,0.00000000000000000e0
