step,time,dt,generation,volume_version,pressure_iterations,residual_max,carrier_divergence,volume_divergence,outward_courant,volume_before,volume_after,inward,outward,source,balance,rounding_budget,mass_after,owned_bytes,boundary_bytes,total_bytes
1,7.81250000000000000e-3,7.81250000000000000e-3,1,1,477,5.40680389349290593e-13,1.79506137330722598e-12,1.79506137330722598e-12,1.25000000000014794e-1,1.25000000000000000e-1,1.25000000000000000e-1,0.00000000000000000e0,0.00000000000000000e0,0.00000000000000000e0,0.00000000000000000e0,3.55271367880050093e-15,1.00000000000000000e2,274944,142464,417408
2,1.56250000000000000e-2,7.81250000000000000e-3,2,2,16,1.31759871178677414e-13,8.81690025351412887e-13,8.81690025351412887e-13,1.25000000000005246e-1,1.25000000000000000e-1,1.25000000000000000e-1,0.00000000000000000e0,0.00000000000000000e0,0.00000000000000000e0,0.00000000000000000e0,3.55271367880050093e-15,1.00000000000000000e2,274944,142464,417408
3,2.34375000000000000e-2,7.81250000000000000e-3,3,3,0,5.47666397638073982e-14,8.76266236220918371e-13,8.76266236220918371e-13,1.25000000000005218e-1,1.25000000000000000e-1,1.25000000000000000e-1,0.00000000000000000e0,0.00000000000000000e0,0.00000000000000000e0,0.00000000000000000e0,3.55271367880050093e-15,1.00000000000000000e2,274944,142464,417408
4,3.12500000000000000e-2,7.81250000000000000e-3,4,4,0,5.44700266133708345e-14,8.71520425813933353e-13,8.71520425813933353e-13,1.25000000000005218e-1,1.25000000000000000e-1,1.25000000000000000e-1,0.00000000000000000e0,0.00000000000000000e0,0.00000000000000000e0,0.00000000000000000e0,3.55271367880050093e-15,1.00000000000000000e2,274944,142464,417408
5,3.90625000000000000e-2,7.81250000000000000e-3,5,5,0,5.42104897891014861e-14,8.67367836625623778e-13,8.67367836625623778e-13,1.25000000000005218e-1,1.25000000000000000e-1,1.25000000000000000e-1,0.00000000000000000e0,0.00000000000000000e0,0.00000000000000000e0,0.00000000000000000e0,3.55271367880050093e-15,1.00000000000000000e2,274944,142464,417408
6,4.68750000000000000e-2,7.81250000000000000e-3,6,6,0,5.39833960207778719e-14,8.63734336332445951e-13,8.63734336332445951e-13,1.25000000000005218e-1,1.25000000000000000e-1,1.25000000000000000e-1,0.00000000000000000e0,0.00000000000000000e0,0.00000000000000000e0,0.00000000000000000e0,3.55271367880050093e-15,1.00000000000000000e2,274944,142464,417408
7,5.46875000000000000e-2,7.81250000000000000e-3,7,7,0,5.37846880205826439e-14,8.60555008329322302e-13,8.60555008329322302e-13,1.25000000000005218e-1,1.25000000000000000e-1,1.25000000000000000e-1,0.00000000000000000e0,0.00000000000000000e0,0.00000000000000000e0,0.00000000000000000e0,3.55271367880050093e-15,1.00000000000000000e2,274944,142464,417408
8,6.25000000000000000e-2,7.81250000000000000e-3,8,8,0,5.36108184145327009e-14,8.57773094632523214e-13,8.57773094632523214e-13,1.25000000000005218e-1,1.25000000000000000e-1,1.25000000000000000e-1,0.00000000000000000e0,0.00000000000000000e0,0.00000000000000000e0,0.00000000000000000e0,3.55271367880050093e-15,1.00000000000000000e2,274944,142464,417408
9,7.03125000000000000e-2,7.81250000000000000e-3,9,9,0,5.34586828268763560e-14,8.55338925230021696e-13,8.55338925230021696e-13,1.25000000000005218e-1,1.25000000000000000e-1,1.25000000000000000e-1,0.00000000000000000e0,0.00000000000000000e0,0.00000000000000000e0,0.00000000000000000e0,3.55271367880050093e-15,1.00000000000000000e2,274944,142464,417408
10,7.81250000000000000e-2,7.81250000000000000e-3,10,10,0,5.33255639759188174e-14,8.53209023614701079e-13,8.53209023614701079e-13,1.25000000000005218e-1,1.25000000000000000e-1,1.25000000000000000e-1,0.00000000000000000e0,0.00000000000000000e0,0.00000000000000000e0,0.00000000000000000e0,3.55271367880050093e-15,1.00000000000000000e2,274944,142464,417408
11,8.59375000000000000e-2,7.81250000000000000e-3,11,11,0,5.32090833931441951e-14,8.51345334290307121e-13,8.51345334290307121e-13,1.25000000000005218e-1,1.25000000000000000e-1,1.25000000000000000e-1,0.00000000000000000e0,0.00000000000000000e0,0.00000000000000000e0,0.00000000000000000e0,3.55271367880050093e-15,1.00000000000000000e2,274944,142464,417408
12,9.37500000000000000e-2,7.81250000000000000e-3,12,12,0,5.31071633067328741e-14,8.49714612907725986e-13,8.49714612907725986e-13,1.25000000000005218e-1,1.25000000000000000e-1,1.25000000000000000e-1,0.00000000000000000e0,0.00000000000000000e0,0.00000000000000000e0,0.00000000000000000e0,3.55271367880050093e-15,1.00000000000000000e2,274944,142464,417408
13,1.01562500000000000e-1,7.81250000000000000e-3,13,13,0,5.30179842899141524e-14,8.48287748638626438e-13,8.48287748638626438e-13,1.25000000000005218e-1,1.25000000000000000e-1,1.25000000000000000e-1,0.00000000000000000e0,0.00000000000000000e0,0.00000000000000000e0,0.00000000000000000e0,3.55271367880050093e-15,1.00000000000000000e2,274944,142464,417408
14,1.09375000000000000e-1,7.81250000000000000e-3,14,14,0,5.29766202829679358e-14,8.47625924527486974e-13,8.47625924527486974e-13,1.25000000000005218e-1,1.25000000000000000e-1,1.25000000000000000e-1,0.00000000000000000e0,0.00000000000000000e0,0.00000000000000000e0,0.00000000000000000e0,3.55271367880050093e-15,1.00000000000000000e2,274944,142464,417408
15,1.17187500000000000e-1,7.81250000000000000e-3,15,15,0,5.29720361406573956e-14,8.47552578250518329e-13,8.47552578250518329e-13,1.25000000000005218e-1,1.25000000000000000e-1,1.25000000000000000e-1,0.00000000000000000e0,0.00000000000000000e0,0.00000000000000000e0,0.00000000000000000e0,3.55271367880050093e-15,1.00000000000000000e2,274944,142464,417408
16,1.25000000000000000e-1,7.81250000000000000e-3,16,16,0,5.29594915827085594e-14,8.47351865323336950e-13,8.47351865323336950e-13,1.25000000000005218e-1,1.25000000000000000e-1,1.25000000000000000e-1,0.00000000000000000e0,0.00000000000000000e0,0.00000000000000000e0,0.00000000000000000e0,3.55271367880050093e-15,1.00000000000000000e2,274944,142464,417408
17,1.32812500000000000e-1,7.81250000000000000e-3,17,17,0,5.29410465932491497e-14,8.47056745491986396e-13,8.47056745491986396e-13,1.25000000000005218e-1,1.25000000000000000e-1,1.25000000000000000e-1,0.00000000000000000e0,0.00000000000000000e0,0.00000000000000000e0,0.00000000000000000e0,3.55271367880050093e-15,1.00000000000000000e2,274944,142464,417408
18,1.40625000000000000e-1,7.81250000000000000e-3,18,18,0,5.29183723682840994e-14,8.46693957892545590e-13,8.46693957892545590e-13,1.25000000000005218e-1,1.25000000000000000e-1,1.25000000000000000e-1,0.00000000000000000e0,0.00000000000000000e0,0.00000000000000000e0,0.00000000000000000e0,3.55271367880050093e-15,1.00000000000000000e2,274944,142464,417408
19,1.48437500000000000e-1,7.81250000000000000e-3,19,19,0,5.28928148431665954e-14,8.46285037490665526e-13,8.46285037490665526e-13,1.25000000000005218e-1,1.25000000000000000e-1,1.25000000000000000e-1,0.00000000000000000e0,0.00000000000000000e0,0.00000000000000000e0,0.00000000000000000e0,3.55271367880050093e-15,1.00000000000000000e2,274944,142464,417408
20,1.56250000000000000e-1,7.81250000000000000e-3,20,20,0,5.28654489027067034e-14,8.45847182443307255e-13,8.45847182443307255e-13,1.25000000000005218e-1,1.25000000000000000e-1,1.25000000000000000e-1,0.00000000000000000e0,0.00000000000000000e0,0.00000000000000000e0,0.00000000000000000e0,3.55271367880050093e-15,1.00000000000000000e2,274944,142464,417408
21,1.64062500000000000e-1,7.81250000000000000e-3,21,21,0,5.28371266620493614e-14,8.45394026592789782e-13,8.45394026592789782e-13,1.25000000000005218e-1,1.25000000000000000e-1,1.25000000000000000e-1,0.00000000000000000e0,0.00000000000000000e0,0.00000000000000000e0,0.00000000000000000e0,3.55271367880050093e-15,1.00000000000000000e2,274944,142464,417408
22,1.71875000000000000e-1,7.81250000000000000e-3,22,22,0,5.28085121950252166e-14,8.44936195120403466e-13,8.44936195120403466e-13,1.25000000000005218e-1,1.25000000000000000e-1,1.25000000000000000e-1,0.00000000000000000e0,0.00000000000000000e0,0.00000000000000000e0,0.00000000000000000e0,3.55271367880050093e-15,1.00000000000000000e2,274944,142464,417408
23,1.79687500000000000e-1,7.81250000000000000e-3,23,23,0,5.27801255798638833e-14,8.44482009277822132e-13,8.44482009277822132e-13,1.25000000000005218e-1,1.25000000000000000e-1,1.25000000000000000e-1,0.00000000000000000e0,0.00000000000000000e0,0.00000000000000000e0,0.00000000000000000e0,3.55271367880050093e-15,1.00000000000000000e2,274944,142464,417408
24,1.87500000000000000e-1,7.81250000000000000e-3,24,24,0,5.27523530635893093e-14,8.44037649017428948e-13,8.44037649017428948e-13,1.25000000000005218e-1,1.25000000000000000e-1,1.25000000000000000e-1,0.00000000000000000e0,0.00000000000000000e0,0.00000000000000000e0,0.00000000000000000e0,3.55271367880050093e-15,1.00000000000000000e2,274944,142464,417408
25,1.95312500000000000e-1,7.81250000000000000e-3,25,25,0,5.27254860255353501e-14,8.43607776408565602e-13,8.43607776408565602e-13,1.25000000000005218e-1,1.25000000000000000e-1,1.25000000000000000e-1,0.00000000000000000e0,0.00000000000000000e0,0.00000000000000000e0,0.00000000000000000e0,3.55271367880050093e-15,1.00000000000000000e2,274944,142464,417408
26,2.03125000000000000e-1,7.81250000000000000e-3,26,26,0,5.26997328358070304e-14,8.43195725372912486e-13,8.43195725372912486e-13,1.25000000000005218e-1,1.25000000000000000e-1,1.25000000000000000e-1,0.00000000000000000e0,0.00000000000000000e0,0.00000000000000000e0,0.00000000000000000e0,3.55271367880050093e-15,1.00000000000000000e2,274944,142464,417408
27,2.10937500000000000e-1,7.81250000000000000e-3,27,27,0,5.26752341018735942e-14,8.42803745629977508e-13,8.42803745629977508e-13,1.25000000000005218e-1,1.25000000000000000e-1,1.25000000000000000e-1,0.00000000000000000e0,0.00000000000000000e0,0.00000000000000000e0,0.00000000000000000e0,3.55271367880050093e-15,1.00000000000000000e2,274944,142464,417408
28,2.18750000000000000e-1,7.81250000000000000e-3,28,28,0,5.26520787621945034e-14,8.42433260195112055e-13,8.42433260195112055e-13,1.25000000000005218e-1,1.25000000000000000e-1,1.25000000000000000e-1,0.00000000000000000e0,0.00000000000000000e0,0.00000000000000000e0,0.00000000000000000e0,3.55271367880050093e-15,1.00000000000000000e2,274944,142464,417408
29,2.26562500000000000e-1,7.81250000000000000e-3,29,29,0,5.26303150976477514e-14,8.42085041562364023e-13,8.42085041562364023e-13,1.25000000000005218e-1,1.25000000000000000e-1,1.25000000000000000e-1,0.00000000000000000e0,0.00000000000000000e0,0.00000000000000000e0,0.00000000000000000e0,3.55271367880050093e-15,1.00000000000000000e2,274944,142464,417408
30,2.34375000000000000e-1,7.81250000000000000e-3,30,30,0,5.26099549666945998e-14,8.41759279467113597e-13,8.41759279467113597e-13,1.25000000000005218e-1,1.25000000000000000e-1,1.25000000000000000e-1,0.00000000000000000e0,0.00000000000000000e0,0.00000000000000000e0,0.00000000000000000e0,3.55271367880050093e-15,1.00000000000000000e2,274944,142464,417408
31,2.42187500000000000e-1,7.81250000000000000e-3,31,31,0,5.25909882049396815e-14,8.41455811279034904e-13,8.41455811279034904e-13,1.25000000000005218e-1,1.25000000000000000e-1,1.25000000000000000e-1,0.00000000000000000e0,0.00000000000000000e0,0.00000000000000000e0,0.00000000000000000e0,3.55271367880050093e-15,1.00000000000000000e2,274944,142464,417408
32,2.50000000000000000e-1,7.81250000000000000e-3,32,32,0,5.25888248827923940e-14,8.41421198124678305e-13,8.41421198124678305e-13,1.25000000000005218e-1,1.25000000000000000e-1,1.25000000000000000e-1,0.00000000000000000e0,0.00000000000000000e0,0.00000000000000000e0,0.00000000000000000e0,3.55271367880050093e-15,1.00000000000000000e2,274944,142464,417408
33,2.57812500000000000e-1,7.81250000000000000e-3,33,33,0,5.25868936476726542e-14,8.41390298362762468e-13,8.41390298362762468e-13,1.25000000000005218e-1,1.25000000000000000e-1,1.25000000000000000e-1,0.00000000000000000e0,1.23259516440783095e-32,0.00000000000000000e0,1.23259516440783095e-32,3.55271367880050093e-15,1.00000000000000000e2,274944,142464,417408
34,2.65625000000000000e-1,7.81250000000000000e-3,34,34,0,5.25831692438035771e-14,8.41330707900857233e-13,8.41330707900857233e-13,1.25000000000005218e-1,1.25000000000000000e-1,1.25000000000000000e-1,0.00000000000000000e0,3.57452597678270974e-31,0.00000000000000000e0,3.57452597678270974e-31,3.55271367880050093e-15,1.00000000000000000e2,274944,142464,417408
35,2.73437500000000000e-1,7.81250000000000000e-3,35,35,0,5.25780328360114270e-14,8.41248525376182832e-13,8.41248525376182832e-13,1.25000000000005218e-1,1.25000000000000000e-1,1.25000000000000000e-1,0.00000000000000000e0,5.34021854979692757e-30,0.00000000000000000e0,5.34021854979692757e-30,3.55271367880050093e-15,1.00000000000000000e2,274944,142464,417408
36,2.81250000000000000e-1,7.81250000000000000e-3,36,36,0,5.25718105319808969e-14,8.41148968511694350e-13,8.41148968511694350e-13,1.25000000000005218e-1,1.25000000000000000e-1,1.25000000000000000e-1,0.00000000000000000e0,5.47526475749736055e-29,0.00000000000000000e0,5.47526475749736055e-29,3.55271367880050093e-15,1.00000000000000000e2,274944,142464,417408
37,2.89062500000000000e-1,7.81250000000000000e-3,37,37,0,5.25647818525845807e-14,8.41036509641353291e-13,8.41036509641353291e-13,1.25000000000005218e-1,1.25000000000000000e-1,1.25000000000000000e-1,0.00000000000000000e0,4.33066557298982546e-28,0.00000000000000000e0,4.33066557298982546e-28,3.55271367880050093e-15,1.00000000000000000e2,274944,142464,417408
38,2.96875000000000000e-1,7.81250000000000000e-3,38,38,0,5.25571797318829734e-14,8.40914875710127574e-13,8.40914875710127574e-13,1.25000000000005218e-1,1.25000000000000000e-1,1.25000000000000000e-1,0.00000000000000000e0,2.81644418856023923e-27,0.00000000000000000e0,2.81644418856023923e-27,3.55271367880050093e-15,1.00000000000000000e2,274944,142464,417408
39,3.04687500000000000e-1,7.81250000000000000e-3,39,39,0,5.25492023755857324e-14,8.40787238009371718e-13,8.40787238009371718e-13,1.25000000000005218e-1,1.25000000000000000e-1,1.25000000000000000e-1,0.00000000000000000e0,1.56767526572407707e-26,0.00000000000000000e0,1.56767526572407707e-26,3.55271367880050093e-15,1.00000000000000000e2,274944,142464,417408
40,3.12500000000000000e-1,7.81250000000000000e-3,40,40,0,5.25410098729198888e-14,8.40656157966718220e-13,8.40656157966718220e-13,1.25000000000005218e-1,1.25000000000000000e-1,1.25000000000000000e-1,0.00000000000000000e0,7.67632178834732916e-26,0.00000000000000000e0,7.67632178834732916e-26,3.55271367880050093e-15,1.00000000000000000e2,274944,142464,417408
41,3.20312500000000000e-1,7.81250000000000000e-3,41,41,0,5.25327394432228978e-14,8.40523831091566365e-13,8.40523831091566365e-13,1.25000000000005218e-1,1.25000000000000000e-1,1.25000000000000000e-1,0.00000000000000000e0,3.37335171114121387e-25,0.00000000000000000e0,3.37335171114121387e-25,3.55271367880050093e-15,1.00000000000000000e2,274944,142464,417408
42,3.28125000000000000e-1,7.81250000000000000e-3,42,42,0,5.25245012007779025e-14,8.40392019212446439e-13,8.40392019212446439e-13,1.25000000000005218e-1,1.25000000000000000e-1,1.25000000000000000e-1,0.00000000000000000e0,1.35067054478886380e-24,0.00000000000000000e0,1.35067054478886380e-24,3.55271367880050093e-15,1.00000000000000000e2,274944,142464,417408
43,3.35937500000000000e-1,7.81250000000000000e-3,43,43,0,5.25163806959125755e-14,8.40262091134601208e-13,8.40262091134601208e-13,1.25000000000005218e-1,1.25000000000000000e-1,1.25000000000000000e-1,0.00000000000000000e0,4.98601119784700292e-24,0.00000000000000000e0,4.98601119784700292e-24,3.55271367880050093e-15,1.00000000000000000e2,274944,142464,417408
44,3.43750000000000000e-1,7.81250000000000000e-3,44,44,0,5.25084507734603807e-14,8.40135212375366092e-13,8.40135212375366092e-13,1.25000000000005218e-1,1.25000000000000000e-1,1.25000000000000000e-1,0.00000000000000000e0,1.71313538342003309e-23,0.00000000000000000e0,1.71313538342003309e-23,3.55271367880050093e-15,1.00000000000000000e2,274944,142464,417408
45,3.51562500000000000e-1,7.81250000000000000e-3,45,45,0,5.25007639494640480e-14,8.40012223191424767e-13,8.40012223191424767e-13,1.25000000000005218e-1,1.25000000000000000e-1,1.25000000000000000e-1,0.00000000000000000e0,5.52120635585998218e-23,0.00000000000000000e0,5.52120635585998218e-23,3.55271367880050093e-15,1.00000000000000000e2,274944,142464,417408
46,3.59375000000000000e-1,7.81250000000000000e-3,46,46,0,5.24933617285379926e-14,8.39893787656607882e-13,8.39893787656607882e-13,1.25000000000005218e-1,1.25000000000000000e-1,1.25000000000000000e-1,0.00000000000000000e0,1.67989550050090629e-22,0.00000000000000000e0,1.67989550050090629e-22,3.55271367880050093e-15,1.00000000000000000e2,274944,142464,417408
47,3.67187500000000000e-1,7.81250000000000000e-3,47,47,0,5.24862737568353686e-14,8.39780380109365898e-13,8.39780380109365898e-13,1.25000000000005218e-1,1.25000000000000000e-1,1.25000000000000000e-1,0.00000000000000000e0,4.85176230807408514e-22,0.00000000000000000e0,4.85176230807408514e-22,3.55271367880050093e-15,1.00000000000000000e2,274944,142464,417408
48,3.75000000000000000e-1,7.81250000000000000e-3,48,48,0,5.24795203631469101e-14,8.39672325810350562e-13,8.39672325810350562e-13,1.25000000000005218e-1,1.25000000000000000e-1,1.25000000000000000e-1,0.00000000000000000e0,1.33629382417287827e-21,0.00000000000000000e0,1.33629382417287827e-21,3.55271367880050093e-15,1.00000000000000000e2,274944,142464,417408
49,3.82812500000000000e-1,7.81250000000000000e-3,49,49,0,5.24731125589009313e-14,8.39569800942414901e-13,8.39569800942414901e-13,1.25000000000005218e-1,1.25000000000000000e-1,1.25000000000000000e-1,0.00000000000000000e0,3.52393201337006209e-21,0.00000000000000000e0,3.52393201337006209e-21,3.55271367880050093e-15,1.00000000000000000e2,274944,142464,417408
50,3.90625000000000000e-1,7.81250000000000000e-3,50,50,0,5.24670579673939576e-14,8.39472927478303321e-13,8.39472927478303321e-13,1.25000000000005218e-1,1.25000000000000000e-1,1.25000000000000000e-1,0.00000000000000000e0,8.92868518668075094e-21,0.00000000000000000e0,8.92868518668075094e-21,3.55271367880050093e-15,1.00000000000000000e2,274944,142464,417408
51,3.98437500000000000e-1,7.81250000000000000e-3,51,51,0,5.24620350620167396e-14,8.39392560992267833e-13,8.39392560992267833e-13,1.25000000000005218e-1,1.25000000000000000e-1,1.25000000000000000e-1,0.00000000000000000e0,2.18025069814416286e-20,0.00000000000000000e0,2.18025069814416286e-20,3.55271367880050093e-15,1.00000000000000000e2,274944,142464,417408
52,4.06250000000000000e-1,7.81250000000000000e-3,52,52,0,5.24619495116890669e-14,8.39391192187025070e-13,8.39391192187025070e-13,1.25000000000005218e-1,1.25000000000000000e-1,1.25000000000000000e-1,0.00000000000000000e0,5.14461755877989134e-20,0.00000000000000000e0,5.14461755877989134e-20,3.55271367880050093e-15,1.00000000000000000e2,274944,142464,417408
53,4.14062500000000000e-1,7.81250000000000000e-3,53,53,0,5.24612058167613776e-14,8.39379293068182042e-13,8.39379293068182042e-13,1.25000000000005218e-1,1.25000000000000000e-1,1.25000000000000000e-1,0.00000000000000000e0,1.17588611165733590e-19,0.00000000000000000e0,1.17588611165733590e-19,3.55271367880050093e-15,1.00000000000000000e2,274944,142464,417408
54,4.21875000000000000e-1,7.81250000000000000e-3,54,54,0,5.24599284910769181e-14,8.39358855857230690e-13,8.39358855857230690e-13,1.25000000000005218e-1,1.25000000000000000e-1,1.25000000000000000e-1,0.00000000000000000e0,2.60897221584592122e-19,0.00000000000000000e0,2.60897221584592122e-19,3.55271367880050093e-15,1.00000000000000000e2,274944,142464,417408
55,4.29687500000000000e-1,7.81250000000000000e-3,55,55,0,5.24582268018858842e-14,8.39331628830174148e-13,8.39331628830174148e-13,1.25000000000005218e-1,1.25000000000000000e-1,1.25000000000000000e-1,0.00000000000000000e0,5.62985258319799524e-19,0.00000000000000000e0,5.62985258319799524e-19,3.55271367880050093e-15,1.00000000000000000e2,274944,142464,417408
56,4.37500000000000000e-1,7.81250000000000000e-3,56,56,0,5.24561922287465794e-14,8.39299075659945271e-13,8.39299075659945271e-13,1.25000000000005218e-1,1.25000000000000000e-1,1.25000000000000000e-1,0.00000000000000000e0,1.18357915987364954e-18,0.00000000000000000e0,1.18357915987364954e-18,3.55271367880050093e-15,1.00000000000000000e2,274944,142464,417408
57,4.45312500000000000e-1,7.81250000000000000e-3,57,57,0,5.24539069338548873e-14,8.39262510941678197e-13,8.39262510941678197e-13,1.25000000000005218e-1,1.25000000000000000e-1,1.25000000000000000e-1,0.00000000000000000e0,2.42799922288527574e-18,0.00000000000000000e0,2.42799922288527574e-18,3.55271367880050093e-15,1.00000000000000000e2,274944,142464,417408
58,4.53125000000000000e-1,7.81250000000000000e-3,58,58,0,5.24514386798465883e-14,8.39223018877545412e-13,8.39223018877545412e-13,1.25000000000005218e-1,1.25000000000000000e-1,1.25000000000000000e-1,0.00000000000000000e0,4.86706254638806333e-18,0.00000000000000000e0,4.86706254638806333e-18,3.55271367880050093e-15,1.00000000000000000e2,274944,142464,417408
59,4.60937500000000000e-1,7.81250000000000000e-3,59,59,0,5.24488450649620956e-14,8.39181521039393530e-13,8.39181521039393530e-13,1.25000000000005218e-1,1.25000000000000000e-1,1.24999999999999986e-1,0.00000000000000000e0,9.54584267176119991e-18,0.00000000000000000e0,-4.33194513605325685e-18,3.55271367880050093e-15,9.99999999999999858e1,274944,142464,417408
60,4.68750000000000000e-1,7.81250000000000000e-3,60,60,0,5.24461726760135083e-14,8.39138762816216133e-13,8.39138762816216133e-13,1.25000000000005218e-1,1.24999999999999986e-1,1.24999999999999972e-1,0.00000000000000000e0,1.83402164259347795e-17,0.00000000000000000e0,4.46242861812032279e-18,3.55271367880050053e-15,9.99999999999999716e1,274944,142464,417408
61,4.76562500000000000e-1,7.81250000000000000e-3,61,61,0,5.24434655587140836e-14,8.39095448939425337e-13,8.39095448939425337e-13,1.25000000000005218e-1,1.24999999999999972e-1,1.24999999999999931e-1,0.00000000000000000e0,3.45548430351923201e-17,0.00000000000000000e0,-7.07852038825105013e-18,3.55271367880049975e-15,9.99999999999999432e1,274944,142464,417408
62,4.84375000000000000e-1,7.81250000000000000e-3,62,62,0,5.24407542062499225e-14,8.39052067299998761e-13,8.39052067299998761e-13,1.25000000000005218e-1,1.24999999999999931e-1,1.24999999999999875e-1,0.00000000000000000e0,6.39089084485033760e-17,0.00000000000000000e0,8.39775721724554899e-18,3.55271367880049896e-15,9.99999999999999005e1,274944,142464,417408
63,4.92187500000000000e-1,7.81250000000000000e-3,63,63,0,5.24380699588400737e-14,8.39009119341441179e-13,8.39009119341441179e-13,1.25000000000005218e-1,1.24999999999999875e-1,1.24999999999999750e-1,0.00000000000000000e0,1.16134683163019295e-16,0.00000000000000000e0,-8.76540710731081588e-18,3.55271367880049699e-15,9.99999999999998010e1,274944,142464,417408
64,5.00000000000000000e-1,7.81250000000000000e-3,64,64,0,5.24354331452752710e-14,8.38966930324404336e-13,8.38966930324404336e-13,1.25000000000005218e-1,1.24999999999999750e-1,1.24999999999999542e-1,0.00000000000000000e0,2.07529788913422181e-16,0.00000000000000000e0,-6.37028203794670577e-19,3.55271367880049344e-15,9.99999999999996305e1,274944,142464,417408
