i,j,k,x,fraction,pressure
0,0,0,1.56250000000000000e-2,0.00000000000000000e0,0.00000000000000000e0
1,0,0,4.68750000000000000e-2,0.00000000000000000e0,0.00000000000000000e0
2,0,0,7.81250000000000000e-2,0.00000000000000000e0,0.00000000000000000e0
3,0,0,1.09375000000000000e-1,0.00000000000000000e0,0.00000000000000000e0
4,0,0,1.40625000000000000e-1,0.00000000000000000e0,0.00000000000000000e0
5,0,0,1.71875000000000000e-1,0.00000000000000000e0,0.00000000000000000e0
6,0,0,2.03125000000000000e-1,0.00000000000000000e0,0.00000000000000000e0
7,0,0,2.34375000000000000e-1,0.00000000000000000e0,0.00000000000000000e0
8,0,0,2.65625000000000000e-1,5.01129787880717770e-3,0.00000000000000000e0
9,0,0,2.96875000000000000e-1,3.17382198991117345e-2,0.00000000000000000e0
10,0,0,3.28125000000000000e-1,9.85555249498736297e-2,0.00000000000000000e0
11,0,0,3.59375000000000000e-1,2.02493555028840366e-1,0.00000000000000000e0
12,0,0,3.90625000000000000e-1,3.15093087614394862e-1,0.00000000000000000e0
13,0,0,4.21875000000000000e-1,4.05172713682844909e-1,0.00000000000000000e0
14,0,0,4.53125000000000000e-1,4.60221374058010058e-1,0.00000000000000000e0
15,0,0,4.84375000000000000e-1,4.86435021855704863e-1,0.00000000000000000e0
16,0,0,5.15625000000000000e-1,4.91253841901031774e-1,0.00000000000000000e0
17,0,0,5.46875000000000000e-1,4.67439547413808110e-1,0.00000000000000000e0
18,0,0,5.78125000000000000e-1,4.01301855454104128e-1,0.00000000000000000e0
19,0,0,6.09375000000000000e-1,2.97487391391695610e-1,0.00000000000000000e0
20,0,0,6.40625000000000000e-1,1.84905020752884591e-1,0.00000000000000000e0
21,0,0,6.71875000000000000e-1,9.48271548840996376e-2,0.00000000000000000e0
22,0,0,7.03125000000000000e-1,3.97786202374795020e-2,0.00000000000000000e0
23,0,0,7.34375000000000000e-1,1.35649780277149190e-2,0.00000000000000000e0
24,0,0,7.65625000000000000e-1,3.73486021999241101e-3,0.00000000000000000e0
25,0,0,7.96875000000000000e-1,8.22232686914457604e-4,0.00000000000000000e0
26,0,0,8.28125000000000000e-1,1.42619595862919523e-4,0.00000000000000000e0
27,0,0,8.59375000000000000e-1,1.90535793080921063e-5,0.00000000000000000e0
28,0,0,8.90625000000000000e-1,1.89163256436583373e-6,0.00000000000000000e0
29,0,0,9.21875000000000000e-1,1.31432898342608241e-7,0.00000000000000000e0
30,0,0,9.53125000000000000e-1,5.70435076951978275e-9,0.00000000000000000e0
31,0,0,9.84375000000000000e-1,1.16415321826934814e-10,0.00000000000000000e0
0,1,0,1.56250000000000000e-2,0.00000000000000000e0,0.00000000000000000e0
1,1,0,4.68750000000000000e-2,0.00000000000000000e0,0.00000000000000000e0
2,1,0,7.81250000000000000e-2,0.00000000000000000e0,0.00000000000000000e0
3,1,0,1.09375000000000000e-1,0.00000000000000000e0,0.00000000000000000e0
4,1,0,1.40625000000000000e-1,0.00000000000000000e0,0.00000000000000000e0
5,1,0,1.71875000000000000e-1,0.00000000000000000e0,0.00000000000000000e0
6,1,0,2.03125000000000000e-1,0.00000000000000000e0,0.00000000000000000e0
7,1,0,2.34375000000000000e-1,0.00000000000000000e0,0.00000000000000000e0
8,1,0,2.65625000000000000e-1,5.01129787880897400e-3,0.00000000000000000e0
9,1,0,2.96875000000000000e-1,3.17382198991244327e-2,0.00000000000000000e0
10,1,0,3.28125000000000000e-1,9.85555249499146663e-2,0.00000000000000000e0
11,1,0,3.59375000000000000e-1,2.02493555028921995e-1,0.00000000000000000e0
12,1,0,3.90625000000000000e-1,3.15093087614510881e-1,0.00000000000000000e0
13,1,0,4.21875000000000000e-1,4.05172713682979746e-1,0.00000000000000000e0
14,1,0,4.53125000000000000e-1,4.60221374058157551e-1,0.00000000000000000e0
15,1,0,4.84375000000000000e-1,4.86435021855868510e-1,0.00000000000000000e0
16,1,0,5.15625000000000000e-1,4.91253841901206856e-1,0.00000000000000000e0
17,1,0,5.46875000000000000e-1,4.67439547413970591e-1,0.00000000000000000e0
18,1,0,5.78125000000000000e-1,4.01301855454225587e-1,0.00000000000000000e0
19,1,0,6.09375000000000000e-1,2.97487391391765832e-1,0.00000000000000000e0
20,1,0,6.40625000000000000e-1,1.84905020752915539e-1,0.00000000000000000e0
21,1,0,6.71875000000000000e-1,9.48271548841100598e-2,0.00000000000000000e0
22,1,0,7.03125000000000000e-1,3.97786202374821526e-2,0.00000000000000000e0
23,1,0,7.34375000000000000e-1,1.35649780277154013e-2,0.00000000000000000e0
24,1,0,7.65625000000000000e-1,3.73486021999246262e-3,0.00000000000000000e0
25,1,0,7.96875000000000000e-1,8.22232686914457604e-4,0.00000000000000000e0
26,1,0,8.28125000000000000e-1,1.42619595862918656e-4,0.00000000000000000e0
27,1,0,8.59375000000000000e-1,1.90535793080920046e-5,0.00000000000000000e0
28,1,0,8.90625000000000000e-1,1.89163256436583204e-6,0.00000000000000000e0
29,1,0,9.21875000000000000e-1,1.31432898342608664e-7,0.00000000000000000e0
30,1,0,9.53125000000000000e-1,5.70435076951980839e-9,0.00000000000000000e0
31,1,0,9.84375000000000000e-1,1.16415321826934814e-10,0.00000000000000000e0
0,2,0,1.56250000000000000e-2,0.00000000000000000e0,0.00000000000000000e0
1,2,0,4.68750000000000000e-2,0.00000000000000000e0,0.00000000000000000e0
2,2,0,7.81250000000000000e-2,0.00000000000000000e0,0.00000000000000000e0
3,2,0,1.09375000000000000e-1,0.00000000000000000e0,0.00000000000000000e0
4,2,0,1.40625000000000000e-1,0.00000000000000000e0,0.00000000000000000e0
5,2,0,1.71875000000000000e-1,0.00000000000000000e0,0.00000000000000000e0
6,2,0,2.03125000000000000e-1,0.00000000000000000e0,0.00000000000000000e0
7,2,0,2.34375000000000000e-1,0.00000000000000000e0,0.00000000000000000e0
8,2,0,2.65625000000000000e-1,5.01129787880941289e-3,0.00000000000000000e0
9,2,0,2.96875000000000000e-1,3.17382198991257303e-2,0.00000000000000000e0
10,2,0,3.28125000000000000e-1,9.85555249499143193e-2,0.00000000000000000e0
11,2,0,3.59375000000000000e-1,2.02493555028913863e-1,0.00000000000000000e0
12,2,0,3.90625000000000000e-1,3.15093087614489842e-1,0.00000000000000000e0
13,2,0,4.21875000000000000e-1,4.05172713682944607e-1,0.00000000000000000e0
14,2,0,4.53125000000000000e-1,4.60221374058106647e-1,0.00000000000000000e0
15,2,0,4.84375000000000000e-1,4.86435021855797178e-1,0.00000000000000000e0
16,2,0,5.15625000000000000e-1,4.91253841901116595e-1,0.00000000000000000e0
17,2,0,5.46875000000000000e-1,4.67439547413876610e-1,0.00000000000000000e0
18,2,0,5.78125000000000000e-1,4.01301855454149869e-1,0.00000000000000000e0
19,2,0,6.09375000000000000e-1,2.97487391391720590e-1,0.00000000000000000e0
20,2,0,6.40625000000000000e-1,1.84905020752896554e-1,0.00000000000000000e0
21,2,0,6.71875000000000000e-1,9.48271548841051609e-2,0.00000000000000000e0
22,2,0,7.03125000000000000e-1,3.97786202374819167e-2,0.00000000000000000e0
23,2,0,7.34375000000000000e-1,1.35649780277158159e-2,0.00000000000000000e0
24,2,0,7.65625000000000000e-1,3.73486021999266601e-3,0.00000000000000000e0
25,2,0,7.96875000000000000e-1,8.22232686914510730e-4,0.00000000000000000e0
26,2,0,8.28125000000000000e-1,1.42619595862927573e-4,0.00000000000000000e0
27,2,0,8.59375000000000000e-1,1.90535793080929838e-5,0.00000000000000000e0
28,2,0,8.90625000000000000e-1,1.89163256436589959e-6,0.00000000000000000e0
29,2,0,9.21875000000000000e-1,1.31432898342611311e-7,0.00000000000000000e0
30,2,0,9.53125000000000000e-1,5.70435076951985223e-9,0.00000000000000000e0
31,2,0,9.84375000000000000e-1,1.16415321826934814e-10,0.00000000000000000e0
0,3,0,1.56250000000000000e-2,0.00000000000000000e0,0.00000000000000000e0
1,3,0,4.68750000000000000e-2,0.00000000000000000e0,0.00000000000000000e0
2,3,0,7.81250000000000000e-2,0.00000000000000000e0,0.00000000000000000e0
3,3,0,1.09375000000000000e-1,0.00000000000000000e0,0.00000000000000000e0
4,3,0,1.40625000000000000e-1,0.00000000000000000e0,0.00000000000000000e0
5,3,0,1.71875000000000000e-1,0.00000000000000000e0,0.00000000000000000e0
6,3,0,2.03125000000000000e-1,0.00000000000000000e0,0.00000000000000000e0
7,3,0,2.34375000000000000e-1,0.00000000000000000e0,0.00000000000000000e0
8,3,0,2.65625000000000000e-1,5.01129787880894451e-3,0.00000000000000000e0
9,3,0,2.96875000000000000e-1,3.17382198991218514e-2,0.00000000000000000e0
10,3,0,3.28125000000000000e-1,9.85555249499015379e-2,0.00000000000000000e0
11,3,0,3.59375000000000000e-1,2.02493555028891326e-1,0.00000000000000000e0
12,3,0,3.90625000000000000e-1,3.15093087614466583e-1,0.00000000000000000e0
13,3,0,4.21875000000000000e-1,4.05172713682930452e-1,0.00000000000000000e0
14,3,0,4.53125000000000000e-1,4.60221374058106314e-1,0.00000000000000000e0
15,3,0,4.84375000000000000e-1,4.86435021855817107e-1,0.00000000000000000e0
16,3,0,5.15625000000000000e-1,4.91253841901167609e-1,0.00000000000000000e0
17,3,0,5.46875000000000000e-1,4.67439547413959933e-1,0.00000000000000000e0
18,3,0,5.78125000000000000e-1,4.01301855454244849e-1,0.00000000000000000e0
19,3,0,6.09375000000000000e-1,2.97487391391798583e-1,0.00000000000000000e0
20,3,0,6.40625000000000000e-1,1.84905020752943849e-1,0.00000000000000000e0
21,3,0,6.71875000000000000e-1,9.48271548841267131e-2,0.00000000000000000e0
22,3,0,7.03125000000000000e-1,3.97786202374893830e-2,0.00000000000000000e0
23,3,0,7.34375000000000000e-1,1.35649780277177882e-2,0.00000000000000000e0
24,3,0,7.65625000000000000e-1,3.73486021999306890e-3,0.00000000000000000e0
25,3,0,7.96875000000000000e-1,8.22232686914575240e-4,0.00000000000000000e0
26,3,0,8.28125000000000000e-1,1.42619595862935651e-4,0.00000000000000000e0
27,3,0,8.59375000000000000e-1,1.90535793080937563e-5,0.00000000000000000e0
28,3,0,8.90625000000000000e-1,1.89163256436595147e-6,0.00000000000000000e0
29,3,0,9.21875000000000000e-1,1.31432898342613455e-7,0.00000000000000000e0
30,3,0,9.53125000000000000e-1,5.70435076951989442e-9,0.00000000000000000e0
31,3,0,9.84375000000000000e-1,1.16415321826934814e-10,0.00000000000000000e0
0,4,0,1.56250000000000000e-2,0.00000000000000000e0,0.00000000000000000e0
1,4,0,4.68750000000000000e-2,0.00000000000000000e0,0.00000000000000000e0
2,4,0,7.81250000000000000e-2,0.00000000000000000e0,0.00000000000000000e0
3,4,0,1.09375000000000000e-1,0.00000000000000000e0,0.00000000000000000e0
4,4,0,1.40625000000000000e-1,0.00000000000000000e0,0.00000000000000000e0
5,4,0,1.71875000000000000e-1,0.00000000000000000e0,0.00000000000000000e0
6,4,0,2.03125000000000000e-1,0.00000000000000000e0,0.00000000000000000e0
7,4,0,2.34375000000000000e-1,0.00000000000000000e0,0.00000000000000000e0
8,4,0,2.65625000000000000e-1,5.01129787881002264e-3,0.00000000000000000e0
9,4,0,2.96875000000000000e-1,3.17382198991304001e-2,0.00000000000000000e0
10,4,0,3.28125000000000000e-1,9.85555249499310421e-2,0.00000000000000000e0
11,4,0,3.59375000000000000e-1,2.02493555028950861e-1,0.00000000000000000e0
12,4,0,3.90625000000000000e-1,3.15093087614546463e-1,0.00000000000000000e0
13,4,0,4.21875000000000000e-1,4.05172713683007890e-1,0.00000000000000000e0
14,4,0,4.53125000000000000e-1,4.60221374058162269e-1,0.00000000000000000e0
15,4,0,4.84375000000000000e-1,4.86435021855841310e-1,0.00000000000000000e0
16,4,0,5.15625000000000000e-1,4.91253841901151733e-1,0.00000000000000000e0
17,4,0,5.46875000000000000e-1,4.67439547413903200e-1,0.00000000000000000e0
18,4,0,5.78125000000000000e-1,4.01301855454166190e-1,0.00000000000000000e0
19,4,0,6.09375000000000000e-1,2.97487391391727196e-1,0.00000000000000000e0
20,4,0,6.40625000000000000e-1,1.84905020752897137e-1,0.00000000000000000e0
21,4,0,6.71875000000000000e-1,9.48271548841035372e-2,0.00000000000000000e0
22,4,0,7.03125000000000000e-1,3.97786202374804110e-2,0.00000000000000000e0
23,4,0,7.34375000000000000e-1,1.35649780277150422e-2,0.00000000000000000e0
24,4,0,7.65625000000000000e-1,3.73486021999240581e-3,0.00000000000000000e0
25,4,0,7.96875000000000000e-1,8.22232686914450123e-4,0.00000000000000000e0
26,4,0,8.28125000000000000e-1,1.42619595862917707e-4,0.00000000000000000e0
27,4,0,8.59375000000000000e-1,1.90535793080918691e-5,0.00000000000000000e0
28,4,0,8.90625000000000000e-1,1.89163256436581446e-6,0.00000000000000000e0
29,4,0,9.21875000000000000e-1,1.31432898342607314e-7,0.00000000000000000e0
30,4,0,9.53125000000000000e-1,5.70435076951976538e-9,0.00000000000000000e0
31,4,0,9.84375000000000000e-1,1.16415321826934814e-10,0.00000000000000000e0
0,5,0,1.56250000000000000e-2,0.00000000000000000e0,0.00000000000000000e0
1,5,0,4.68750000000000000e-2,0.00000000000000000e0,0.00000000000000000e0
2,5,0,7.81250000000000000e-2,0.00000000000000000e0,0.00000000000000000e0
3,5,0,1.09375000000000000e-1,0.00000000000000000e0,0.00000000000000000e0
4,5,0,1.40625000000000000e-1,0.00000000000000000e0,0.00000000000000000e0
5,5,0,1.71875000000000000e-1,0.00000000000000000e0,0.00000000000000000e0
6,5,0,2.03125000000000000e-1,0.00000000000000000e0,0.00000000000000000e0
7,5,0,2.34375000000000000e-1,0.00000000000000000e0,0.00000000000000000e0
8,5,0,2.65625000000000000e-1,5.01129787880915875e-3,0.00000000000000000e0
9,5,0,2.96875000000000000e-1,3.17382198991251543e-2,0.00000000000000000e0
10,5,0,3.28125000000000000e-1,9.85555249499149855e-2,0.00000000000000000e0
11,5,0,3.59375000000000000e-1,2.02493555028917999e-1,0.00000000000000000e0
12,5,0,3.90625000000000000e-1,3.15093087614497835e-1,0.00000000000000000e0
13,5,0,4.21875000000000000e-1,4.05172713682955654e-1,0.00000000000000000e0
14,5,0,4.53125000000000000e-1,4.60221374058120580e-1,0.00000000000000000e0
15,5,0,4.84375000000000000e-1,4.86435021855814831e-1,0.00000000000000000e0
16,5,0,5.15625000000000000e-1,4.91253841901137411e-1,0.00000000000000000e0
17,5,0,5.46875000000000000e-1,4.67439547413897427e-1,0.00000000000000000e0
18,5,0,5.78125000000000000e-1,4.01301855454166079e-1,0.00000000000000000e0
19,5,0,6.09375000000000000e-1,2.97487391391729084e-1,0.00000000000000000e0
20,5,0,6.40625000000000000e-1,1.84905020752898525e-1,0.00000000000000000e0
21,5,0,6.71875000000000000e-1,9.48271548841042866e-2,0.00000000000000000e0
22,5,0,7.03125000000000000e-1,3.97786202374808620e-2,0.00000000000000000e0
23,5,0,7.34375000000000000e-1,1.35649780277152972e-2,0.00000000000000000e0
24,5,0,7.65625000000000000e-1,3.73486021999250165e-3,0.00000000000000000e0
25,5,0,7.96875000000000000e-1,8.22232686914474301e-4,0.00000000000000000e0
26,5,0,8.28125000000000000e-1,1.42619595862921800e-4,0.00000000000000000e0
27,5,0,8.59375000000000000e-1,1.90535793080923400e-5,0.00000000000000000e0
28,5,0,8.90625000000000000e-1,1.89163256436584982e-6,0.00000000000000000e0
29,5,0,9.21875000000000000e-1,1.31432898342608982e-7,0.00000000000000000e0
30,5,0,9.53125000000000000e-1,5.70435076951980095e-9,0.00000000000000000e0
31,5,0,9.84375000000000000e-1,1.16415321826934814e-10,0.00000000000000000e0
0,6,0,1.56250000000000000e-2,0.00000000000000000e0,0.00000000000000000e0
1,6,0,4.68750000000000000e-2,0.00000000000000000e0,0.00000000000000000e0
2,6,0,7.81250000000000000e-2,0.00000000000000000e0,0.00000000000000000e0
3,6,0,1.09375000000000000e-1,0.00000000000000000e0,0.00000000000000000e0
4,6,0,1.40625000000000000e-1,0.00000000000000000e0,0.00000000000000000e0
5,6,0,1.71875000000000000e-1,0.00000000000000000e0,0.00000000000000000e0
6,6,0,2.03125000000000000e-1,0.00000000000000000e0,0.00000000000000000e0
7,6,0,2.34375000000000000e-1,0.00000000000000000e0,0.00000000000000000e0
8,6,0,2.65625000000000000e-1,5.01129787880740148e-3,0.00000000000000000e0
9,6,0,2.96875000000000000e-1,3.17382198991142395e-2,0.00000000000000000e0
10,6,0,3.28125000000000000e-1,9.85555249498853425e-2,0.00000000000000000e0
11,6,0,3.59375000000000000e-1,2.02493555028872757e-1,0.00000000000000000e0
12,6,0,3.90625000000000000e-1,3.15093087614457812e-1,0.00000000000000000e0
13,6,0,4.21875000000000000e-1,4.05172713682941776e-1,0.00000000000000000e0
14,6,0,4.53125000000000000e-1,4.60221374058140120e-1,0.00000000000000000e0
15,6,0,4.84375000000000000e-1,4.86435021855865346e-1,0.00000000000000000e0
16,6,0,5.15625000000000000e-1,4.91253841901212907e-1,0.00000000000000000e0
17,6,0,5.46875000000000000e-1,4.67439547413985190e-1,0.00000000000000000e0
18,6,0,5.78125000000000000e-1,4.01301855454246847e-1,0.00000000000000000e0
19,6,0,6.09375000000000000e-1,2.97487391391787981e-1,0.00000000000000000e0
20,6,0,6.40625000000000000e-1,1.84905020752932525e-1,0.00000000000000000e0
21,6,0,6.71875000000000000e-1,9.48271548841198159e-2,0.00000000000000000e0
22,6,0,7.03125000000000000e-1,3.97786202374863923e-2,0.00000000000000000e0
23,6,0,7.34375000000000000e-1,1.35649780277168116e-2,0.00000000000000000e0
24,6,0,7.65625000000000000e-1,3.73486021999281997e-3,0.00000000000000000e0
25,6,0,7.96875000000000000e-1,8.22232686914525584e-4,0.00000000000000000e0
26,6,0,8.28125000000000000e-1,1.42619595862928116e-4,0.00000000000000000e0
27,6,0,8.59375000000000000e-1,1.90535793080929330e-5,0.00000000000000000e0
28,6,0,8.90625000000000000e-1,1.89163256436589175e-6,0.00000000000000000e0
29,6,0,9.21875000000000000e-1,1.31432898342610888e-7,0.00000000000000000e0
30,6,0,9.53125000000000000e-1,5.70435076951984230e-9,0.00000000000000000e0
31,6,0,9.84375000000000000e-1,1.16415321826934814e-10,0.00000000000000000e0
0,7,0,1.56250000000000000e-2,0.00000000000000000e0,0.00000000000000000e0
1,7,0,4.68750000000000000e-2,0.00000000000000000e0,0.00000000000000000e0
2,7,0,7.81250000000000000e-2,0.00000000000000000e0,0.00000000000000000e0
3,7,0,1.09375000000000000e-1,0.00000000000000000e0,0.00000000000000000e0
4,7,0,1.40625000000000000e-1,0.00000000000000000e0,0.00000000000000000e0
5,7,0,1.71875000000000000e-1,0.00000000000000000e0,0.00000000000000000e0
6,7,0,2.03125000000000000e-1,0.00000000000000000e0,0.00000000000000000e0
7,7,0,2.34375000000000000e-1,0.00000000000000000e0,0.00000000000000000e0
8,7,0,2.65625000000000000e-1,5.01129787880860537e-3,0.00000000000000000e0
9,7,0,2.96875000000000000e-1,3.17382198991206024e-2,0.00000000000000000e0
10,7,0,3.28125000000000000e-1,9.85555249498988317e-2,0.00000000000000000e0
11,7,0,3.59375000000000000e-1,2.02493555028884858e-1,0.00000000000000000e0
12,7,0,3.90625000000000000e-1,3.15093087614452039e-1,0.00000000000000000e0
13,7,0,4.21875000000000000e-1,4.05172713682907970e-1,0.00000000000000000e0
14,7,0,4.53125000000000000e-1,4.60221374058080390e-1,0.00000000000000000e0
15,7,0,4.84375000000000000e-1,4.86435021855787963e-1,0.00000000000000000e0
16,7,0,5.15625000000000000e-1,4.91253841901128419e-1,0.00000000000000000e0
17,7,0,5.46875000000000000e-1,4.67439547413907419e-1,0.00000000000000000e0
18,7,0,5.78125000000000000e-1,4.01301855454188783e-1,0.00000000000000000e0
19,7,0,6.09375000000000000e-1,2.97487391391753231e-1,0.00000000000000000e0
20,7,0,6.40625000000000000e-1,1.84905020752915511e-1,0.00000000000000000e0
21,7,0,6.71875000000000000e-1,9.48271548841125994e-2,0.00000000000000000e0
22,7,0,7.03125000000000000e-1,3.97786202374836445e-2,0.00000000000000000e0
23,7,0,7.34375000000000000e-1,1.35649780277159043e-2,0.00000000000000000e0
24,7,0,7.65625000000000000e-1,3.73486021999257451e-3,0.00000000000000000e0
25,7,0,7.96875000000000000e-1,8.22232686914473434e-4,0.00000000000000000e0
26,7,0,8.28125000000000000e-1,1.42619595862919713e-4,0.00000000000000000e0
27,7,0,8.59375000000000000e-1,1.90535793080919233e-5,0.00000000000000000e0
28,7,0,8.90625000000000000e-1,1.89163256436580641e-6,0.00000000000000000e0
29,7,0,9.21875000000000000e-1,1.31432898342606414e-7,0.00000000000000000e0
30,7,0,9.53125000000000000e-1,5.70435076951973643e-9,0.00000000000000000e0
31,7,0,9.84375000000000000e-1,1.16415321826934814e-10,0.00000000000000000e0
0,0,1,1.56250000000000000e-2,0.00000000000000000e0,0.00000000000000000e0
1,0,1,4.68750000000000000e-2,0.00000000000000000e0,0.00000000000000000e0
2,0,1,7.81250000000000000e-2,0.00000000000000000e0,0.00000000000000000e0
3,0,1,1.09375000000000000e-1,0.00000000000000000e0,0.00000000000000000e0
4,0,1,1.40625000000000000e-1,0.00000000000000000e0,0.00000000000000000e0
5,0,1,1.71875000000000000e-1,0.00000000000000000e0,0.00000000000000000e0
6,0,1,2.03125000000000000e-1,0.00000000000000000e0,0.00000000000000000e0
7,0,1,2.34375000000000000e-1,0.00000000000000000e0,0.00000000000000000e0
8,0,1,2.65625000000000000e-1,5.01129787881166803e-3,0.00000000000000000e0
9,0,1,2.96875000000000000e-1,3.17382198991391640e-2,0.00000000000000000e0
10,0,1,3.28125000000000000e-1,9.85555249499538433e-2,0.00000000000000000e0
11,0,1,3.59375000000000000e-1,2.02493555028992134e-1,0.00000000000000000e0
12,0,1,3.90625000000000000e-1,3.15093087614609302e-1,0.00000000000000000e0
13,0,1,4.21875000000000000e-1,4.05172713683096097e-1,0.00000000000000000e0
14,0,1,4.53125000000000000e-1,4.60221374058275012e-1,0.00000000000000000e0
15,0,1,4.84375000000000000e-1,4.86435021855968652e-1,0.00000000000000000e0
16,0,1,5.15625000000000000e-1,4.91253841901277744e-1,0.00000000000000000e0
17,0,1,5.46875000000000000e-1,4.67439547414011558e-1,0.00000000000000000e0
18,0,1,5.78125000000000000e-1,4.01301855454244183e-1,0.00000000000000000e0
19,0,1,6.09375000000000000e-1,2.97487391391771938e-1,0.00000000000000000e0
20,0,1,6.40625000000000000e-1,1.84905020752916760e-1,0.00000000000000000e0
21,0,1,6.71875000000000000e-1,9.48271548841100598e-2,0.00000000000000000e0
22,0,1,7.03125000000000000e-1,3.97786202374820208e-2,0.00000000000000000e0
23,0,1,7.34375000000000000e-1,1.35649780277153163e-2,0.00000000000000000e0
24,0,1,7.65625000000000000e-1,3.73486021999242098e-3,0.00000000000000000e0
25,0,1,7.96875000000000000e-1,8.22232686914443293e-4,0.00000000000000000e0
26,0,1,8.28125000000000000e-1,1.42619595862915268e-4,0.00000000000000000e0
27,0,1,8.59375000000000000e-1,1.90535793080914523e-5,0.00000000000000000e0
28,0,1,8.90625000000000000e-1,1.89163256436577274e-6,0.00000000000000000e0
29,0,1,9.21875000000000000e-1,1.31432898342604985e-7,0.00000000000000000e0
30,0,1,9.53125000000000000e-1,5.70435076951970665e-9,0.00000000000000000e0
31,0,1,9.84375000000000000e-1,1.16415321826934814e-10,0.00000000000000000e0
0,1,1,1.56250000000000000e-2,0.00000000000000000e0,0.00000000000000000e0
1,1,1,4.68750000000000000e-2,0.00000000000000000e0,0.00000000000000000e0
2,1,1,7.81250000000000000e-2,0.00000000000000000e0,0.00000000000000000e0
3,1,1,1.09375000000000000e-1,0.00000000000000000e0,0.00000000000000000e0
4,1,1,1.40625000000000000e-1,0.00000000000000000e0,0.00000000000000000e0
5,1,1,1.71875000000000000e-1,0.00000000000000000e0,0.00000000000000000e0
6,1,1,2.03125000000000000e-1,0.00000000000000000e0,0.00000000000000000e0
7,1,1,2.34375000000000000e-1,0.00000000000000000e0,0.00000000000000000e0
8,1,1,2.65625000000000000e-1,5.01129787881024729e-3,0.00000000000000000e0
9,1,1,2.96875000000000000e-1,3.17382198991317532e-2,0.00000000000000000e0
10,1,1,3.28125000000000000e-1,9.85555249499353858e-2,0.00000000000000000e0
11,1,1,3.59375000000000000e-1,2.02493555028960992e-1,0.00000000000000000e0
12,1,1,3.90625000000000000e-1,3.15093087614566170e-1,0.00000000000000000e0
13,1,1,4.21875000000000000e-1,4.05172713683041807e-1,0.00000000000000000e0
14,1,1,4.53125000000000000e-1,4.60221374058212340e-1,0.00000000000000000e0
15,1,1,4.84375000000000000e-1,4.86435021855904204e-1,0.00000000000000000e0
16,1,1,5.15625000000000000e-1,4.91253841901220900e-1,0.00000000000000000e0
17,1,1,5.46875000000000000e-1,4.67439547413971201e-1,0.00000000000000000e0
18,1,1,5.78125000000000000e-1,4.01301855454224587e-1,0.00000000000000000e0
19,1,1,6.09375000000000000e-1,2.97487391391769274e-1,0.00000000000000000e0
20,1,1,6.40625000000000000e-1,1.84905020752921756e-1,0.00000000000000000e0
21,1,1,6.71875000000000000e-1,9.48271548841150558e-2,0.00000000000000000e0
22,1,1,7.03125000000000000e-1,3.97786202374846576e-2,0.00000000000000000e0
23,1,1,7.34375000000000000e-1,1.35649780277162773e-2,0.00000000000000000e0
24,1,1,7.65625000000000000e-1,3.73486021999268510e-3,0.00000000000000000e0
25,1,1,7.96875000000000000e-1,8.22232686914498370e-4,0.00000000000000000e0
26,1,1,8.28125000000000000e-1,1.42619595862923806e-4,0.00000000000000000e0
27,1,1,8.59375000000000000e-1,1.90535793080923976e-5,0.00000000000000000e0
28,1,1,8.90625000000000000e-1,1.89163256436584347e-6,0.00000000000000000e0
29,1,1,9.21875000000000000e-1,1.31432898342608214e-7,0.00000000000000000e0
30,1,1,9.53125000000000000e-1,5.70435076951977530e-9,0.00000000000000000e0
31,1,1,9.84375000000000000e-1,1.16415321826934814e-10,0.00000000000000000e0
0,2,1,1.56250000000000000e-2,0.00000000000000000e0,0.00000000000000000e0
1,2,1,4.68750000000000000e-2,0.00000000000000000e0,0.00000000000000000e0
2,2,1,7.81250000000000000e-2,0.00000000000000000e0,0.00000000000000000e0
3,2,1,1.09375000000000000e-1,0.00000000000000000e0,0.00000000000000000e0
4,2,1,1.40625000000000000e-1,0.00000000000000000e0,0.00000000000000000e0
5,2,1,1.71875000000000000e-1,0.00000000000000000e0,0.00000000000000000e0
6,2,1,2.03125000000000000e-1,0.00000000000000000e0,0.00000000000000000e0
7,2,1,2.34375000000000000e-1,0.00000000000000000e0,0.00000000000000000e0
8,2,1,2.65625000000000000e-1,5.01129787881035658e-3,0.00000000000000000e0
9,2,1,2.96875000000000000e-1,3.17382198991318504e-2,0.00000000000000000e0
10,2,1,3.28125000000000000e-1,9.85555249499345115e-2,0.00000000000000000e0
11,2,1,3.59375000000000000e-1,2.02493555028959382e-1,0.00000000000000000e0
12,2,1,3.90625000000000000e-1,3.15093087614567557e-1,0.00000000000000000e0
13,2,1,4.21875000000000000e-1,4.05172713683050301e-1,0.00000000000000000e0
14,2,1,4.53125000000000000e-1,4.60221374058229826e-1,0.00000000000000000e0
15,2,1,4.84375000000000000e-1,4.86435021855932292e-1,0.00000000000000000e0
16,2,1,5.15625000000000000e-1,4.91253841901264310e-1,0.00000000000000000e0
17,2,1,5.46875000000000000e-1,4.67439547414031487e-1,0.00000000000000000e0
18,2,1,5.78125000000000000e-1,4.01301855454291756e-1,0.00000000000000000e0
19,2,1,6.09375000000000000e-1,2.97487391391825839e-1,0.00000000000000000e0
20,2,1,6.40625000000000000e-1,1.84905020752957311e-1,0.00000000000000000e0
21,2,1,6.71875000000000000e-1,9.48271548841321393e-2,0.00000000000000000e0
22,2,1,7.03125000000000000e-1,3.97786202374911455e-2,0.00000000000000000e0
23,2,1,7.34375000000000000e-1,1.35649780277182514e-2,0.00000000000000000e0
24,2,1,7.65625000000000000e-1,3.73486021999316214e-3,0.00000000000000000e0
25,2,1,7.96875000000000000e-1,8.22232686914587708e-4,0.00000000000000000e0
26,2,1,8.28125000000000000e-1,1.42619595862936328e-4,0.00000000000000000e0
27,2,1,8.59375000000000000e-1,1.90535793080936614e-5,0.00000000000000000e0
28,2,1,8.90625000000000000e-1,1.89163256436593008e-6,0.00000000000000000e0
29,2,1,9.21875000000000000e-1,1.31432898342611814e-7,0.00000000000000000e0
30,2,1,9.53125000000000000e-1,5.70435076951984230e-9,0.00000000000000000e0
31,2,1,9.84375000000000000e-1,1.16415321826934814e-10,0.00000000000000000e0
0,3,1,1.56250000000000000e-2,0.00000000000000000e0,0.00000000000000000e0
1,3,1,4.68750000000000000e-2,0.00000000000000000e0,0.00000000000000000e0
2,3,1,7.81250000000000000e-2,0.00000000000000000e0,0.00000000000000000e0
3,3,1,1.09375000000000000e-1,0.00000000000000000e0,0.00000000000000000e0
4,3,1,1.40625000000000000e-1,0.00000000000000000e0,0.00000000000000000e0
5,3,1,1.71875000000000000e-1,0.00000000000000000e0,0.00000000000000000e0
6,3,1,2.03125000000000000e-1,0.00000000000000000e0,0.00000000000000000e0
7,3,1,2.34375000000000000e-1,0.00000000000000000e0,0.00000000000000000e0
8,3,1,2.65625000000000000e-1,5.01129787881093684e-3,0.00000000000000000e0
9,3,1,2.96875000000000000e-1,3.17382198991347231e-2,0.00000000000000000e0
10,3,1,3.28125000000000000e-1,9.85555249499416863e-2,0.00000000000000000e0
11,3,1,3.59375000000000000e-1,2.02493555028972261e-1,0.00000000000000000e0
12,3,1,3.90625000000000000e-1,3.15093087614588430e-1,0.00000000000000000e0
13,3,1,4.21875000000000000e-1,4.05172713683084107e-1,0.00000000000000000e0
14,3,1,4.53125000000000000e-1,4.60221374058280286e-1,0.00000000000000000e0
15,3,1,4.84375000000000000e-1,4.86435021855996241e-1,0.00000000000000000e0
16,3,1,5.15625000000000000e-1,4.91253841901329258e-1,0.00000000000000000e0
17,3,1,5.46875000000000000e-1,4.67439547414080836e-1,0.00000000000000000e0
18,3,1,5.78125000000000000e-1,4.01301855454316625e-1,0.00000000000000000e0
19,3,1,6.09375000000000000e-1,2.97487391391831169e-1,0.00000000000000000e0
20,3,1,6.40625000000000000e-1,1.84905020752954369e-1,0.00000000000000000e0
21,3,1,6.71875000000000000e-1,9.48271548841284340e-2,0.00000000000000000e0
22,3,1,7.03125000000000000e-1,3.97786202374889319e-2,0.00000000000000000e0
23,3,1,7.34375000000000000e-1,1.35649780277173528e-2,0.00000000000000000e0
24,3,1,7.65625000000000000e-1,3.73486021999289760e-3,0.00000000000000000e0
25,3,1,7.96875000000000000e-1,8.22232686914531547e-4,0.00000000000000000e0
26,3,1,8.28125000000000000e-1,1.42619595862927817e-4,0.00000000000000000e0
27,3,1,8.59375000000000000e-1,1.90535793080927737e-5,0.00000000000000000e0
28,3,1,8.90625000000000000e-1,1.89163256436586973e-6,0.00000000000000000e0
29,3,1,9.21875000000000000e-1,1.31432898342609485e-7,0.00000000000000000e0
30,3,1,9.53125000000000000e-1,5.70435076951980508e-9,0.00000000000000000e0
31,3,1,9.84375000000000000e-1,1.16415321826934814e-10,0.00000000000000000e0
0,4,1,1.56250000000000000e-2,0.00000000000000000e0,0.00000000000000000e0
1,4,1,4.68750000000000000e-2,0.00000000000000000e0,0.00000000000000000e0
2,4,1,7.81250000000000000e-2,0.00000000000000000e0,0.00000000000000000e0
3,4,1,1.09375000000000000e-1,0.00000000000000000e0,0.00000000000000000e0
4,4,1,1.40625000000000000e-1,0.00000000000000000e0,0.00000000000000000e0
5,4,1,1.71875000000000000e-1,0.00000000000000000e0,0.00000000000000000e0
6,4,1,2.03125000000000000e-1,0.00000000000000000e0,0.00000000000000000e0
7,4,1,2.34375000000000000e-1,0.00000000000000000e0,0.00000000000000000e0
8,4,1,2.65625000000000000e-1,5.01129787880866782e-3,0.00000000000000000e0
9,4,1,2.96875000000000000e-1,3.17382198991216641e-2,0.00000000000000000e0
10,4,1,3.28125000000000000e-1,9.85555249499047853e-2,0.00000000000000000e0
11,4,1,3.59375000000000000e-1,2.02493555028902483e-1,0.00000000000000000e0
12,4,1,3.90625000000000000e-1,3.15093087614486511e-1,0.00000000000000000e0
13,4,1,4.21875000000000000e-1,4.05172713682957986e-1,0.00000000000000000e0
14,4,1,4.53125000000000000e-1,4.60221374058138399e-1,0.00000000000000000e0
15,4,1,4.84375000000000000e-1,4.86435021855843974e-1,0.00000000000000000e0
16,4,1,5.15625000000000000e-1,4.91253841901172050e-1,0.00000000000000000e0
17,4,1,5.46875000000000000e-1,4.67439547413931455e-1,0.00000000000000000e0
18,4,1,5.78125000000000000e-1,4.01301855454193002e-1,0.00000000000000000e0
19,4,1,6.09375000000000000e-1,2.97487391391746347e-1,0.00000000000000000e0
20,4,1,6.40625000000000000e-1,1.84905020752908072e-1,0.00000000000000000e0
21,4,1,6.71875000000000000e-1,9.48271548841090883e-2,0.00000000000000000e0
22,4,1,7.03125000000000000e-1,3.97786202374829437e-2,0.00000000000000000e0
23,4,1,7.34375000000000000e-1,1.35649780277160136e-2,0.00000000000000000e0
24,4,1,7.65625000000000000e-1,3.73486021999269030e-3,0.00000000000000000e0
25,4,1,7.96875000000000000e-1,8.22232686914512573e-4,0.00000000000000000e0
26,4,1,8.28125000000000000e-1,1.42619595862927817e-4,0.00000000000000000e0
27,4,1,8.59375000000000000e-1,1.90535793080930482e-5,0.00000000000000000e0
28,4,1,8.90625000000000000e-1,1.89163256436590912e-6,0.00000000000000000e0
29,4,1,9.21875000000000000e-1,1.31432898342612026e-7,0.00000000000000000e0
30,4,1,9.53125000000000000e-1,5.70435076951987208e-9,0.00000000000000000e0
31,4,1,9.84375000000000000e-1,1.16415321826934814e-10,0.00000000000000000e0
0,5,1,1.56250000000000000e-2,0.00000000000000000e0,0.00000000000000000e0
1,5,1,4.68750000000000000e-2,0.00000000000000000e0,0.00000000000000000e0
2,5,1,7.81250000000000000e-2,0.00000000000000000e0,0.00000000000000000e0
3,5,1,1.09375000000000000e-1,0.00000000000000000e0,0.00000000000000000e0
4,5,1,1.40625000000000000e-1,0.00000000000000000e0,0.00000000000000000e0
5,5,1,1.71875000000000000e-1,0.00000000000000000e0,0.00000000000000000e0
6,5,1,2.03125000000000000e-1,0.00000000000000000e0,0.00000000000000000e0
7,5,1,2.34375000000000000e-1,0.00000000000000000e0,0.00000000000000000e0
8,5,1,2.65625000000000000e-1,5.01129787880906247e-3,0.00000000000000000e0
9,5,1,2.96875000000000000e-1,3.17382198991234890e-2,0.00000000000000000e0
10,5,1,3.28125000000000000e-1,9.85555249499078939e-2,0.00000000000000000e0
11,5,1,3.59375000000000000e-1,2.02493555028903066e-1,0.00000000000000000e0
12,5,1,3.90625000000000000e-1,3.15093087614478073e-1,0.00000000000000000e0
13,5,1,4.21875000000000000e-1,4.05172713682937335e-1,0.00000000000000000e0
14,5,1,4.53125000000000000e-1,4.60221374058112698e-1,0.00000000000000000e0
15,5,1,4.84375000000000000e-1,4.86435021855829208e-1,0.00000000000000000e0
16,5,1,5.15625000000000000e-1,4.91253841901181376e-1,0.00000000000000000e0
17,5,1,5.46875000000000000e-1,4.67439547413963707e-1,0.00000000000000000e0
18,5,1,5.78125000000000000e-1,4.01301855454233802e-1,0.00000000000000000e0
19,5,1,6.09375000000000000e-1,2.97487391391779932e-1,0.00000000000000000e0
20,5,1,6.40625000000000000e-1,1.84905020752927363e-1,0.00000000000000000e0
21,5,1,6.71875000000000000e-1,9.48271548841168321e-2,0.00000000000000000e0
22,5,1,7.03125000000000000e-1,3.97786202374850809e-2,0.00000000000000000e0
23,5,1,7.34375000000000000e-1,1.35649780277163953e-2,0.00000000000000000e0
24,5,1,7.65625000000000000e-1,3.73486021999273020e-3,0.00000000000000000e0
25,5,1,7.96875000000000000e-1,8.22232686914512573e-4,0.00000000000000000e0
26,5,1,8.28125000000000000e-1,1.42619595862926950e-4,0.00000000000000000e0
27,5,1,8.59375000000000000e-1,1.90535793080928550e-5,0.00000000000000000e0
28,5,1,8.90625000000000000e-1,1.89163256436588688e-6,0.00000000000000000e0
29,5,1,9.21875000000000000e-1,1.31432898342610597e-7,0.00000000000000000e0
30,5,1,9.53125000000000000e-1,5.70435076951983238e-9,0.00000000000000000e0
31,5,1,9.84375000000000000e-1,1.16415321826934814e-10,0.00000000000000000e0
0,6,1,1.56250000000000000e-2,0.00000000000000000e0,0.00000000000000000e0
1,6,1,4.68750000000000000e-2,0.00000000000000000e0,0.00000000000000000e0
2,6,1,7.81250000000000000e-2,0.00000000000000000e0,0.00000000000000000e0
3,6,1,1.09375000000000000e-1,0.00000000000000000e0,0.00000000000000000e0
4,6,1,1.40625000000000000e-1,0.00000000000000000e0,0.00000000000000000e0
5,6,1,1.71875000000000000e-1,0.00000000000000000e0,0.00000000000000000e0
6,6,1,2.03125000000000000e-1,0.00000000000000000e0,0.00000000000000000e0
7,6,1,2.34375000000000000e-1,0.00000000000000000e0,0.00000000000000000e0
8,6,1,2.65625000000000000e-1,5.01129787881043117e-3,0.00000000000000000e0
9,6,1,2.96875000000000000e-1,3.17382198991335643e-2,0.00000000000000000e0
10,6,1,3.28125000000000000e-1,9.85555249499431990e-2,0.00000000000000000e0
11,6,1,3.59375000000000000e-1,2.02493555028983030e-1,0.00000000000000000e0
12,6,1,3.90625000000000000e-1,3.15093087614613632e-1,0.00000000000000000e0
13,6,1,4.21875000000000000e-1,4.05172713683124242e-1,0.00000000000000000e0
14,6,1,4.53125000000000000e-1,4.60221374058328914e-1,0.00000000000000000e0
15,6,1,4.84375000000000000e-1,4.86435021856039373e-1,0.00000000000000000e0
16,6,1,5.15625000000000000e-1,4.91253841901350907e-1,0.00000000000000000e0
17,6,1,5.46875000000000000e-1,4.67439547414075895e-1,0.00000000000000000e0
18,6,1,5.78125000000000000e-1,4.01301855454295475e-1,0.00000000000000000e0
19,6,1,6.09375000000000000e-1,2.97487391391809297e-1,0.00000000000000000e0
20,6,1,6.40625000000000000e-1,1.84905020752939714e-1,0.00000000000000000e0
21,6,1,6.71875000000000000e-1,9.48271548841210926e-2,0.00000000000000000e0
22,6,1,7.03125000000000000e-1,3.97786202374861009e-2,0.00000000000000000e0
23,6,1,7.34375000000000000e-1,1.35649780277165063e-2,0.00000000000000000e0
24,6,1,7.65625000000000000e-1,3.73486021999270374e-3,0.00000000000000000e0
25,6,1,7.96875000000000000e-1,8.22232686914496635e-4,0.00000000000000000e0
26,6,1,8.28125000000000000e-1,1.42619595862922803e-4,0.00000000000000000e0
27,6,1,8.59375000000000000e-1,1.90535793080922011e-5,0.00000000000000000e0
28,6,1,8.90625000000000000e-1,1.89163256436582124e-6,0.00000000000000000e0
29,6,1,9.21875000000000000e-1,1.31432898342606785e-7,0.00000000000000000e0
30,6,1,9.53125000000000000e-1,5.70435076951973394e-9,0.00000000000000000e0
31,6,1,9.84375000000000000e-1,1.16415321826934814e-10,0.00000000000000000e0
0,7,1,1.56250000000000000e-2,0.00000000000000000e0,0.00000000000000000e0
1,7,1,4.68750000000000000e-2,0.00000000000000000e0,0.00000000000000000e0
2,7,1,7.81250000000000000e-2,0.00000000000000000e0,0.00000000000000000e0
3,7,1,1.09375000000000000e-1,0.00000000000000000e0,0.00000000000000000e0
4,7,1,1.40625000000000000e-1,0.00000000000000000e0,0.00000000000000000e0
5,7,1,1.71875000000000000e-1,0.00000000000000000e0,0.00000000000000000e0
6,7,1,2.03125000000000000e-1,0.00000000000000000e0,0.00000000000000000e0
7,7,1,2.34375000000000000e-1,0.00000000000000000e0,0.00000000000000000e0
8,7,1,2.65625000000000000e-1,5.01129787881019265e-3,0.00000000000000000e0
9,7,1,2.96875000000000000e-1,3.17382198991329051e-2,0.00000000000000000e0
10,7,1,3.28125000000000000e-1,9.85555249499439484e-2,0.00000000000000000e0
11,7,1,3.59375000000000000e-1,2.02493555028990246e-1,0.00000000000000000e0
12,7,1,3.90625000000000000e-1,3.15093087614631007e-1,0.00000000000000000e0
13,7,1,4.21875000000000000e-1,4.05172713683147667e-1,0.00000000000000000e0
14,7,1,4.53125000000000000e-1,4.60221374058351951e-1,0.00000000000000000e0
15,7,1,4.84375000000000000e-1,4.86435021856065408e-1,0.00000000000000000e0
16,7,1,5.15625000000000000e-1,4.91253841901392652e-1,0.00000000000000000e0
17,7,1,5.46875000000000000e-1,4.67439547414137124e-1,0.00000000000000000e0
18,7,1,5.78125000000000000e-1,4.01301855454361700e-1,0.00000000000000000e0
19,7,1,6.09375000000000000e-1,2.97487391391861533e-1,0.00000000000000000e0
20,7,1,6.40625000000000000e-1,1.84905020752971272e-1,0.00000000000000000e0
21,7,1,6.71875000000000000e-1,9.48271548841363582e-2,0.00000000000000000e0
22,7,1,7.03125000000000000e-1,3.97786202374920475e-2,0.00000000000000000e0
23,7,1,7.34375000000000000e-1,1.35649780277183225e-2,0.00000000000000000e0
24,7,1,7.65625000000000000e-1,3.73486021999312441e-3,0.00000000000000000e0
25,7,1,7.96875000000000000e-1,8.22232686914570361e-4,0.00000000000000000e0
26,7,1,8.28125000000000000e-1,1.42619595862932669e-4,0.00000000000000000e0
27,7,1,8.59375000000000000e-1,1.90535793080932006e-5,0.00000000000000000e0
28,7,1,8.90625000000000000e-1,1.89163256436589535e-6,0.00000000000000000e0
29,7,1,9.21875000000000000e-1,1.31432898342610279e-7,0.00000000000000000e0
30,7,1,9.53125000000000000e-1,5.70435076951981335e-9,0.00000000000000000e0
31,7,1,9.84375000000000000e-1,1.16415321826934814e-10,0.00000000000000000e0
0,0,2,1.56250000000000000e-2,0.00000000000000000e0,0.00000000000000000e0
1,0,2,4.68750000000000000e-2,0.00000000000000000e0,0.00000000000000000e0
2,0,2,7.81250000000000000e-2,0.00000000000000000e0,0.00000000000000000e0
3,0,2,1.09375000000000000e-1,0.00000000000000000e0,0.00000000000000000e0
4,0,2,1.40625000000000000e-1,0.00000000000000000e0,0.00000000000000000e0
5,0,2,1.71875000000000000e-1,0.00000000000000000e0,0.00000000000000000e0
6,0,2,2.03125000000000000e-1,0.00000000000000000e0,0.00000000000000000e0
7,0,2,2.34375000000000000e-1,0.00000000000000000e0,0.00000000000000000e0
8,0,2,2.65625000000000000e-1,5.01129787880714474e-3,0.00000000000000000e0
9,0,2,2.96875000000000000e-1,3.17382198991137399e-2,0.00000000000000000e0
10,0,2,3.28125000000000000e-1,9.85555249498851899e-2,0.00000000000000000e0
11,0,2,3.59375000000000000e-1,2.02493555028872507e-1,0.00000000000000000e0
12,0,2,3.90625000000000000e-1,3.15093087614456535e-1,0.00000000000000000e0
13,0,2,4.21875000000000000e-1,4.05172713682942054e-1,0.00000000000000000e0
14,0,2,4.53125000000000000e-1,4.60221374058146726e-1,0.00000000000000000e0
15,0,2,4.84375000000000000e-1,4.86435021855879612e-1,0.00000000000000000e0
16,0,2,5.15625000000000000e-1,4.91253841901229227e-1,0.00000000000000000e0
17,0,2,5.46875000000000000e-1,4.67439547413995959e-1,0.00000000000000000e0
18,0,2,5.78125000000000000e-1,4.01301855454248624e-1,0.00000000000000000e0
19,0,2,6.09375000000000000e-1,2.97487391391782874e-1,0.00000000000000000e0
20,0,2,6.40625000000000000e-1,1.84905020752925614e-1,0.00000000000000000e0
21,0,2,6.71875000000000000e-1,9.48271548841146811e-2,0.00000000000000000e0
22,0,2,7.03125000000000000e-1,3.97786202374837902e-2,0.00000000000000000e0
23,0,2,7.34375000000000000e-1,1.35649780277158401e-2,0.00000000000000000e0
24,0,2,7.65625000000000000e-1,3.73486021999254458e-3,0.00000000000000000e0
25,0,2,7.96875000000000000e-1,8.22232686914465519e-4,0.00000000000000000e0
26,0,2,8.28125000000000000e-1,1.42619595862918141e-4,0.00000000000000000e0
27,0,2,8.59375000000000000e-1,1.90535793080917031e-5,0.00000000000000000e0
28,0,2,8.90625000000000000e-1,1.89163256436578651e-6,0.00000000000000000e0
29,0,2,9.21875000000000000e-1,1.31432898342605382e-7,0.00000000000000000e0
30,0,2,9.53125000000000000e-1,5.70435076951970830e-9,0.00000000000000000e0
31,0,2,9.84375000000000000e-1,1.16415321826934814e-10,0.00000000000000000e0
0,1,2,1.56250000000000000e-2,0.00000000000000000e0,0.00000000000000000e0
1,1,2,4.68750000000000000e-2,0.00000000000000000e0,0.00000000000000000e0
2,1,2,7.81250000000000000e-2,0.00000000000000000e0,0.00000000000000000e0
3,1,2,1.09375000000000000e-1,0.00000000000000000e0,0.00000000000000000e0
4,1,2,1.40625000000000000e-1,0.00000000000000000e0,0.00000000000000000e0
5,1,2,1.71875000000000000e-1,0.00000000000000000e0,0.00000000000000000e0
6,1,2,2.03125000000000000e-1,0.00000000000000000e0,0.00000000000000000e0
7,1,2,2.34375000000000000e-1,0.00000000000000000e0,0.00000000000000000e0
8,1,2,2.65625000000000000e-1,5.01129787880649595e-3,0.00000000000000000e0
9,1,2,2.96875000000000000e-1,3.17382198991100761e-2,0.00000000000000000e0
10,1,2,3.28125000000000000e-1,9.85555249498748925e-2,0.00000000000000000e0
11,1,2,3.59375000000000000e-1,2.02493555028851274e-1,0.00000000000000000e0
12,1,2,3.90625000000000000e-1,3.15093087614418288e-1,0.00000000000000000e0
13,1,2,4.21875000000000000e-1,4.05172713682879437e-1,0.00000000000000000e0
14,1,2,4.53125000000000000e-1,4.60221374058055577e-1,0.00000000000000000e0
15,1,2,4.84375000000000000e-1,4.86435021855762650e-1,0.00000000000000000e0
16,1,2,5.15625000000000000e-1,4.91253841901099497e-1,0.00000000000000000e0
17,1,2,5.46875000000000000e-1,4.67439547413876666e-1,0.00000000000000000e0
18,1,2,5.78125000000000000e-1,4.01301855454161915e-1,0.00000000000000000e0
19,1,2,6.09375000000000000e-1,2.97487391391735634e-1,0.00000000000000000e0
20,1,2,6.40625000000000000e-1,1.84905020752907712e-1,0.00000000000000000e0
21,1,2,6.71875000000000000e-1,9.48271548841108924e-2,0.00000000000000000e0
22,1,2,7.03125000000000000e-1,3.97786202374840123e-2,0.00000000000000000e0
23,1,2,7.34375000000000000e-1,1.35649780277163571e-2,0.00000000000000000e0
24,1,2,7.65625000000000000e-1,3.73486021999276403e-3,0.00000000000000000e0
25,1,2,7.96875000000000000e-1,8.22232686914523632e-4,0.00000000000000000e0
26,1,2,8.28125000000000000e-1,1.42619595862928874e-4,0.00000000000000000e0
27,1,2,8.59375000000000000e-1,1.90535793080930617e-5,0.00000000000000000e0
28,1,2,8.90625000000000000e-1,1.89163256436590022e-6,0.00000000000000000e0
29,1,2,9.21875000000000000e-1,1.31432898342610967e-7,0.00000000000000000e0
30,1,2,9.53125000000000000e-1,5.70435076951983238e-9,0.00000000000000000e0
31,1,2,9.84375000000000000e-1,1.16415321826934814e-10,0.00000000000000000e0
0,2,2,1.56250000000000000e-2,0.00000000000000000e0,0.00000000000000000e0
1,2,2,4.68750000000000000e-2,0.00000000000000000e0,0.00000000000000000e0
2,2,2,7.81250000000000000e-2,0.00000000000000000e0,0.00000000000000000e0
3,2,2,1.09375000000000000e-1,0.00000000000000000e0,0.00000000000000000e0
4,2,2,1.40625000000000000e-1,0.00000000000000000e0,0.00000000000000000e0
5,2,2,1.71875000000000000e-1,0.00000000000000000e0,0.00000000000000000e0
6,2,2,2.03125000000000000e-1,0.00000000000000000e0,0.00000000000000000e0
7,2,2,2.34375000000000000e-1,0.00000000000000000e0,0.00000000000000000e0
8,2,2,2.65625000000000000e-1,5.01129787880931227e-3,0.00000000000000000e0
9,2,2,2.96875000000000000e-1,3.17382198991247588e-2,0.00000000000000000e0
10,2,2,3.28125000000000000e-1,9.85555249499115438e-2,0.00000000000000000e0
11,2,2,3.59375000000000000e-1,2.02493555028910088e-1,0.00000000000000000e0
12,2,2,3.90625000000000000e-1,3.15093087614487177e-1,0.00000000000000000e0
13,2,2,4.21875000000000000e-1,4.05172713682944496e-1,0.00000000000000000e0
14,2,2,4.53125000000000000e-1,4.60221374058113197e-1,0.00000000000000000e0
15,2,2,4.84375000000000000e-1,4.86435021855820326e-1,0.00000000000000000e0
16,2,2,5.15625000000000000e-1,4.91253841901164279e-1,0.00000000000000000e0
17,2,2,5.46875000000000000e-1,4.67439547413942946e-1,0.00000000000000000e0
18,2,2,5.78125000000000000e-1,4.01301855454215095e-1,0.00000000000000000e0
19,2,2,6.09375000000000000e-1,2.97487391391766776e-1,0.00000000000000000e0
20,2,2,6.40625000000000000e-1,1.84905020752920035e-1,0.00000000000000000e0
21,2,2,6.71875000000000000e-1,9.48271548841132517e-2,0.00000000000000000e0
22,2,2,7.03125000000000000e-1,3.97786202374834849e-2,0.00000000000000000e0
23,2,2,7.34375000000000000e-1,1.35649780277158020e-2,0.00000000000000000e0
24,2,2,7.65625000000000000e-1,3.73486021999255889e-3,0.00000000000000000e0
25,2,2,7.96875000000000000e-1,8.22232686914476252e-4,0.00000000000000000e0
26,2,2,8.28125000000000000e-1,1.42619595862921312e-4,0.00000000000000000e0
27,2,2,8.59375000000000000e-1,1.90535793080922215e-5,0.00000000000000000e0
28,2,2,8.90625000000000000e-1,1.89163256436583754e-6,0.00000000000000000e0
29,2,2,9.21875000000000000e-1,1.31432898342608188e-7,0.00000000000000000e0
30,2,2,9.53125000000000000e-1,5.70435076951977613e-9,0.00000000000000000e0
31,2,2,9.84375000000000000e-1,1.16415321826934814e-10,0.00000000000000000e0
0,3,2,1.56250000000000000e-2,0.00000000000000000e0,0.00000000000000000e0
1,3,2,4.68750000000000000e-2,0.00000000000000000e0,0.00000000000000000e0
2,3,2,7.81250000000000000e-2,0.00000000000000000e0,0.00000000000000000e0
3,3,2,1.09375000000000000e-1,0.00000000000000000e0,0.00000000000000000e0
4,3,2,1.40625000000000000e-1,0.00000000000000000e0,0.00000000000000000e0
5,3,2,1.71875000000000000e-1,0.00000000000000000e0,0.00000000000000000e0
6,3,2,2.03125000000000000e-1,0.00000000000000000e0,0.00000000000000000e0
7,3,2,2.34375000000000000e-1,0.00000000000000000e0,0.00000000000000000e0
8,3,2,2.65625000000000000e-1,5.01129787880930620e-3,0.00000000000000000e0
9,3,2,2.96875000000000000e-1,3.17382198991265907e-2,0.00000000000000000e0
10,3,2,3.28125000000000000e-1,9.85555249499224240e-2,0.00000000000000000e0
11,3,2,3.59375000000000000e-1,2.02493555028943256e-1,0.00000000000000000e0
12,3,2,3.90625000000000000e-1,3.15093087614558287e-1,0.00000000000000000e0
13,3,2,4.21875000000000000e-1,4.05172713683062680e-1,0.00000000000000000e0
14,3,2,4.53125000000000000e-1,4.60221374058271016e-1,0.00000000000000000e0
15,3,2,4.84375000000000000e-1,4.86435021855992911e-1,0.00000000000000000e0
16,3,2,5.15625000000000000e-1,4.91253841901321875e-1,0.00000000000000000e0
17,3,2,5.46875000000000000e-1,4.67439547414065015e-1,0.00000000000000000e0
18,3,2,5.78125000000000000e-1,4.01301855454295753e-1,0.00000000000000000e0
19,3,2,6.09375000000000000e-1,2.97487391391811351e-1,0.00000000000000000e0
20,3,2,6.40625000000000000e-1,1.84905020752939520e-1,0.00000000000000000e0
21,3,2,6.71875000000000000e-1,9.48271548841195799e-2,0.00000000000000000e0
22,3,2,7.03125000000000000e-1,3.97786202374848935e-2,0.00000000000000000e0
23,3,2,7.34375000000000000e-1,1.35649780277159755e-2,0.00000000000000000e0
24,3,2,7.65625000000000000e-1,3.73486021999254675e-3,0.00000000000000000e0
25,3,2,7.96875000000000000e-1,8.22232686914464218e-4,0.00000000000000000e0
26,3,2,8.28125000000000000e-1,1.42619595862918222e-4,0.00000000000000000e0
27,3,2,8.59375000000000000e-1,1.90535793080917776e-5,0.00000000000000000e0
28,3,2,8.90625000000000000e-1,1.89163256436579985e-6,0.00000000000000000e0
29,3,2,9.21875000000000000e-1,1.31432898342606467e-7,0.00000000000000000e0
30,3,2,9.53125000000000000e-1,5.70435076951974470e-9,0.00000000000000000e0
31,3,2,9.84375000000000000e-1,1.16415321826934814e-10,0.00000000000000000e0
0,4,2,1.56250000000000000e-2,0.00000000000000000e0,0.00000000000000000e0
1,4,2,4.68750000000000000e-2,0.00000000000000000e0,0.00000000000000000e0
2,4,2,7.81250000000000000e-2,0.00000000000000000e0,0.00000000000000000e0
3,4,2,1.09375000000000000e-1,0.00000000000000000e0,0.00000000000000000e0
4,4,2,1.40625000000000000e-1,0.00000000000000000e0,0.00000000000000000e0
5,4,2,1.71875000000000000e-1,0.00000000000000000e0,0.00000000000000000e0
6,4,2,2.03125000000000000e-1,0.00000000000000000e0,0.00000000000000000e0
7,4,2,2.34375000000000000e-1,0.00000000000000000e0,0.00000000000000000e0
8,4,2,2.65625000000000000e-1,5.01129787880956121e-3,0.00000000000000000e0
9,4,2,2.96875000000000000e-1,3.17382198991264172e-2,0.00000000000000000e0
10,4,2,3.28125000000000000e-1,9.85555249499175251e-2,0.00000000000000000e0
11,4,2,3.59375000000000000e-1,2.02493555028927047e-1,0.00000000000000000e0
12,4,2,3.90625000000000000e-1,3.15093087614525758e-1,0.00000000000000000e0
13,4,2,4.21875000000000000e-1,4.05172713683009666e-1,0.00000000000000000e0
14,4,2,4.53125000000000000e-1,4.60221374058193411e-1,0.00000000000000000e0
15,4,2,4.84375000000000000e-1,4.86435021855890715e-1,0.00000000000000000e0
16,4,2,5.15625000000000000e-1,4.91253841901204025e-1,0.00000000000000000e0
17,4,2,5.46875000000000000e-1,4.67439547413950329e-1,0.00000000000000000e0
18,4,2,5.78125000000000000e-1,4.01301855454204992e-1,0.00000000000000000e0
19,4,2,6.09375000000000000e-1,2.97487391391755451e-1,0.00000000000000000e0
20,4,2,6.40625000000000000e-1,1.84905020752914706e-1,0.00000000000000000e0
21,4,2,6.71875000000000000e-1,9.48271548841128492e-2,0.00000000000000000e0
22,4,2,7.03125000000000000e-1,3.97786202374844980e-2,0.00000000000000000e0
23,4,2,7.34375000000000000e-1,1.35649780277164785e-2,0.00000000000000000e0
24,4,2,7.65625000000000000e-1,3.73486021999278744e-3,0.00000000000000000e0
25,4,2,7.96875000000000000e-1,8.22232686914526126e-4,0.00000000000000000e0
26,4,2,8.28125000000000000e-1,1.42619595862928902e-4,0.00000000000000000e0
27,4,2,8.59375000000000000e-1,1.90535793080930719e-5,0.00000000000000000e0
28,4,2,8.90625000000000000e-1,1.89163256436590636e-6,0.00000000000000000e0
29,4,2,9.21875000000000000e-1,1.31432898342611761e-7,0.00000000000000000e0
30,4,2,9.53125000000000000e-1,5.70435076951986547e-9,0.00000000000000000e0
31,4,2,9.84375000000000000e-1,1.16415321826934814e-10,0.00000000000000000e0
0,5,2,1.56250000000000000e-2,0.00000000000000000e0,0.00000000000000000e0
1,5,2,4.68750000000000000e-2,0.00000000000000000e0,0.00000000000000000e0
2,5,2,7.81250000000000000e-2,0.00000000000000000e0,0.00000000000000000e0
3,5,2,1.09375000000000000e-1,0.00000000000000000e0,0.00000000000000000e0
4,5,2,1.40625000000000000e-1,0.00000000000000000e0,0.00000000000000000e0
5,5,2,1.71875000000000000e-1,0.00000000000000000e0,0.00000000000000000e0
6,5,2,2.03125000000000000e-1,0.00000000000000000e0,0.00000000000000000e0
7,5,2,2.34375000000000000e-1,0.00000000000000000e0,0.00000000000000000e0
8,5,2,2.65625000000000000e-1,5.01129787881082929e-3,0.00000000000000000e0
9,5,2,2.96875000000000000e-1,3.17382198991335782e-2,0.00000000000000000e0
10,5,2,3.28125000000000000e-1,9.85555249499352332e-2,0.00000000000000000e0
11,5,2,3.59375000000000000e-1,2.02493555028949085e-1,0.00000000000000000e0
12,5,2,3.90625000000000000e-1,3.15093087614530254e-1,0.00000000000000000e0
13,5,2,4.21875000000000000e-1,4.05172713682976027e-1,0.00000000000000000e0
14,5,2,4.53125000000000000e-1,4.60221374058123411e-1,0.00000000000000000e0
15,5,2,4.84375000000000000e-1,4.86435021855809779e-1,0.00000000000000000e0
16,5,2,5.15625000000000000e-1,4.91253841901140298e-1,0.00000000000000000e0
17,5,2,5.46875000000000000e-1,4.67439547413915024e-1,0.00000000000000000e0
18,5,2,5.78125000000000000e-1,4.01301855454191281e-1,0.00000000000000000e0
19,5,2,6.09375000000000000e-1,2.97487391391751566e-1,0.00000000000000000e0
20,5,2,6.40625000000000000e-1,1.84905020752913679e-1,0.00000000000000000e0
21,5,2,6.71875000000000000e-1,9.48271548841124329e-2,0.00000000000000000e0
22,5,2,7.03125000000000000e-1,3.97786202374843384e-2,0.00000000000000000e0
23,5,2,7.34375000000000000e-1,1.35649780277164352e-2,0.00000000000000000e0
24,5,2,7.65625000000000000e-1,3.73486021999278701e-3,0.00000000000000000e0
25,5,2,7.96875000000000000e-1,8.22232686914529487e-4,0.00000000000000000e0
26,5,2,8.28125000000000000e-1,1.42619595862929850e-4,0.00000000000000000e0
27,5,2,8.59375000000000000e-1,1.90535793080931871e-5,0.00000000000000000e0
28,5,2,8.90625000000000000e-1,1.89163256436591039e-6,0.00000000000000000e0
29,5,2,9.21875000000000000e-1,1.31432898342611603e-7,0.00000000000000000e0
30,5,2,9.53125000000000000e-1,5.70435076951985306e-9,0.00000000000000000e0
31,5,2,9.84375000000000000e-1,1.16415321826934814e-10,0.00000000000000000e0
0,6,2,1.56250000000000000e-2,0.00000000000000000e0,0.00000000000000000e0
1,6,2,4.68750000000000000e-2,0.00000000000000000e0,0.00000000000000000e0
2,6,2,7.81250000000000000e-2,0.00000000000000000e0,0.00000000000000000e0
3,6,2,1.09375000000000000e-1,0.00000000000000000e0,0.00000000000000000e0
4,6,2,1.40625000000000000e-1,0.00000000000000000e0,0.00000000000000000e0
5,6,2,1.71875000000000000e-1,0.00000000000000000e0,0.00000000000000000e0
6,6,2,2.03125000000000000e-1,0.00000000000000000e0,0.00000000000000000e0
7,6,2,2.34375000000000000e-1,0.00000000000000000e0,0.00000000000000000e0
8,6,2,2.65625000000000000e-1,5.01129787880987866e-3,0.00000000000000000e0
9,6,2,2.96875000000000000e-1,3.17382198991299561e-2,0.00000000000000000e0
10,6,2,3.28125000000000000e-1,9.85555249499302510e-2,0.00000000000000000e0
11,6,2,3.59375000000000000e-1,2.02493555028949390e-1,0.00000000000000000e0
12,6,2,3.90625000000000000e-1,3.15093087614545075e-1,0.00000000000000000e0
13,6,2,4.21875000000000000e-1,4.05172713683010055e-1,0.00000000000000000e0
14,6,2,4.53125000000000000e-1,4.60221374058169430e-1,0.00000000000000000e0
15,6,2,4.84375000000000000e-1,4.86435021855849081e-1,0.00000000000000000e0
16,6,2,5.15625000000000000e-1,4.91253841901157395e-1,0.00000000000000000e0
17,6,2,5.46875000000000000e-1,4.67439547413911527e-1,0.00000000000000000e0
18,6,2,5.78125000000000000e-1,4.01301855454181899e-1,0.00000000000000000e0
19,6,2,6.09375000000000000e-1,2.97487391391746903e-1,0.00000000000000000e0
20,6,2,6.40625000000000000e-1,1.84905020752913346e-1,0.00000000000000000e0
21,6,2,6.71875000000000000e-1,9.48271548841128076e-2,0.00000000000000000e0
22,6,2,7.03125000000000000e-1,3.97786202374842759e-2,0.00000000000000000e0
23,6,2,7.34375000000000000e-1,1.35649780277162478e-2,0.00000000000000000e0
24,6,2,7.65625000000000000e-1,3.73486021999268336e-3,0.00000000000000000e0
25,6,2,7.96875000000000000e-1,8.22232686914496527e-4,0.00000000000000000e0
26,6,2,8.28125000000000000e-1,1.42619595862923128e-4,0.00000000000000000e0
27,6,2,8.59375000000000000e-1,1.90535793080922791e-5,0.00000000000000000e0
28,6,2,8.90625000000000000e-1,1.89163256436583288e-6,0.00000000000000000e0
29,6,2,9.21875000000000000e-1,1.31432898342607685e-7,0.00000000000000000e0
30,6,2,9.53125000000000000e-1,5.70435076951976372e-9,0.00000000000000000e0
31,6,2,9.84375000000000000e-1,1.16415321826934814e-10,0.00000000000000000e0
0,7,2,1.56250000000000000e-2,0.00000000000000000e0,0.00000000000000000e0
1,7,2,4.68750000000000000e-2,0.00000000000000000e0,0.00000000000000000e0
2,7,2,7.81250000000000000e-2,0.00000000000000000e0,0.00000000000000000e0
3,7,2,1.09375000000000000e-1,0.00000000000000000e0,0.00000000000000000e0
4,7,2,1.40625000000000000e-1,0.00000000000000000e0,0.00000000000000000e0
5,7,2,1.71875000000000000e-1,0.00000000000000000e0,0.00000000000000000e0
6,7,2,2.03125000000000000e-1,0.00000000000000000e0,0.00000000000000000e0
7,7,2,2.34375000000000000e-1,0.00000000000000000e0,0.00000000000000000e0
8,7,2,2.65625000000000000e-1,5.01129787880827404e-3,0.00000000000000000e0
9,7,2,2.96875000000000000e-1,3.17382198991174522e-2,0.00000000000000000e0
10,7,2,3.28125000000000000e-1,9.85555249498877989e-2,0.00000000000000000e0
11,7,2,3.59375000000000000e-1,2.02493555028862543e-1,0.00000000000000000e0
12,7,2,3.90625000000000000e-1,3.15093087614420508e-1,0.00000000000000000e0
13,7,2,4.21875000000000000e-1,4.05172713682872554e-1,0.00000000000000000e0
14,7,2,4.53125000000000000e-1,4.60221374058046417e-1,0.00000000000000000e0
15,7,2,4.84375000000000000e-1,4.86435021855759209e-1,0.00000000000000000e0
16,7,2,5.15625000000000000e-1,4.91253841901103716e-1,0.00000000000000000e0
17,7,2,5.46875000000000000e-1,4.67439547413882217e-1,0.00000000000000000e0
18,7,2,5.78125000000000000e-1,4.01301855454161638e-1,0.00000000000000000e0
19,7,2,6.09375000000000000e-1,2.97487391391729361e-1,0.00000000000000000e0
20,7,2,6.40625000000000000e-1,1.84905020752900551e-1,0.00000000000000000e0
21,7,2,6.71875000000000000e-1,9.48271548841063960e-2,0.00000000000000000e0
22,7,2,7.03125000000000000e-1,3.97786202374821735e-2,0.00000000000000000e0
23,7,2,7.34375000000000000e-1,1.35649780277158696e-2,0.00000000000000000e0
24,7,2,7.65625000000000000e-1,3.73486021999268857e-3,0.00000000000000000e0
25,7,2,7.96875000000000000e-1,8.22232686914520705e-4,0.00000000000000000e0
26,7,2,8.28125000000000000e-1,1.42619595862930284e-4,0.00000000000000000e0
27,7,2,8.59375000000000000e-1,1.90535793080934412e-5,0.00000000000000000e0
28,7,2,8.90625000000000000e-1,1.89163256436594554e-6,0.00000000000000000e0
29,7,2,9.21875000000000000e-1,1.31432898342613879e-7,0.00000000000000000e0
30,7,2,9.53125000000000000e-1,5.70435076951991344e-9,0.00000000000000000e0
31,7,2,9.84375000000000000e-1,1.16415321826934814e-10,0.00000000000000000e0
0,0,3,1.56250000000000000e-2,0.00000000000000000e0,0.00000000000000000e0
1,0,3,4.68750000000000000e-2,0.00000000000000000e0,0.00000000000000000e0
2,0,3,7.81250000000000000e-2,0.00000000000000000e0,0.00000000000000000e0
3,0,3,1.09375000000000000e-1,0.00000000000000000e0,0.00000000000000000e0
4,0,3,1.40625000000000000e-1,0.00000000000000000e0,0.00000000000000000e0
5,0,3,1.71875000000000000e-1,0.00000000000000000e0,0.00000000000000000e0
6,0,3,2.03125000000000000e-1,0.00000000000000000e0,0.00000000000000000e0
7,0,3,2.34375000000000000e-1,0.00000000000000000e0,0.00000000000000000e0
8,0,3,2.65625000000000000e-1,5.01129787880857849e-3,0.00000000000000000e0
9,0,3,2.96875000000000000e-1,3.17382198991211853e-2,0.00000000000000000e0
10,0,3,3.28125000000000000e-1,9.85555249499041885e-2,0.00000000000000000e0
11,0,3,3.59375000000000000e-1,2.02493555028904981e-1,0.00000000000000000e0
12,0,3,3.90625000000000000e-1,3.15093087614497946e-1,0.00000000000000000e0
13,0,3,4.21875000000000000e-1,4.05172713682980801e-1,0.00000000000000000e0
14,0,3,4.53125000000000000e-1,4.60221374058166988e-1,0.00000000000000000e0
15,0,3,4.84375000000000000e-1,4.86435021855866290e-1,0.00000000000000000e0
16,0,3,5.15625000000000000e-1,4.91253841901176547e-1,0.00000000000000000e0
17,0,3,5.46875000000000000e-1,4.67439547413914691e-1,0.00000000000000000e0
18,0,3,5.78125000000000000e-1,4.01301855454163636e-1,0.00000000000000000e0
19,0,3,6.09375000000000000e-1,2.97487391391717537e-1,0.00000000000000000e0
20,0,3,6.40625000000000000e-1,1.84905020752887700e-1,0.00000000000000000e0
21,0,3,6.71875000000000000e-1,9.48271548840978473e-2,0.00000000000000000e0
22,0,3,7.03125000000000000e-1,3.97786202374780587e-2,0.00000000000000000e0
23,0,3,7.34375000000000000e-1,1.35649780277143708e-2,0.00000000000000000e0
24,0,3,7.65625000000000000e-1,3.73486021999226789e-3,0.00000000000000000e0
25,0,3,7.96875000000000000e-1,8.22232686914428764e-4,0.00000000000000000e0
26,0,3,8.28125000000000000e-1,1.42619595862914915e-4,0.00000000000000000e0
27,0,3,8.59375000000000000e-1,1.90535793080915540e-5,0.00000000000000000e0
28,0,3,8.90625000000000000e-1,1.89163256436578799e-6,0.00000000000000000e0
29,0,3,9.21875000000000000e-1,1.31432898342605964e-7,0.00000000000000000e0
30,0,3,9.53125000000000000e-1,5.70435076951973477e-9,0.00000000000000000e0
31,0,3,9.84375000000000000e-1,1.16415321826934814e-10,0.00000000000000000e0
0,1,3,1.56250000000000000e-2,0.00000000000000000e0,0.00000000000000000e0
1,1,3,4.68750000000000000e-2,0.00000000000000000e0,0.00000000000000000e0
2,1,3,7.81250000000000000e-2,0.00000000000000000e0,0.00000000000000000e0
3,1,3,1.09375000000000000e-1,0.00000000000000000e0,0.00000000000000000e0
4,1,3,1.40625000000000000e-1,0.00000000000000000e0,0.00000000000000000e0
5,1,3,1.71875000000000000e-1,0.00000000000000000e0,0.00000000000000000e0
6,1,3,2.03125000000000000e-1,0.00000000000000000e0,0.00000000000000000e0
7,1,3,2.34375000000000000e-1,0.00000000000000000e0,0.00000000000000000e0
8,1,3,2.65625000000000000e-1,5.01129787881132889e-3,0.00000000000000000e0
9,1,3,2.96875000000000000e-1,3.17382198991371517e-2,0.00000000000000000e0
10,1,3,3.28125000000000000e-1,9.85555249499461411e-2,0.00000000000000000e0
11,1,3,3.59375000000000000e-1,2.02493555028968736e-1,0.00000000000000000e0
12,1,3,3.90625000000000000e-1,3.15093087614554457e-1,0.00000000000000000e0
13,1,3,4.21875000000000000e-1,4.05172713682996899e-1,0.00000000000000000e0
14,1,3,4.53125000000000000e-1,4.60221374058134292e-1,0.00000000000000000e0
15,1,3,4.84375000000000000e-1,4.86435021855809557e-1,0.00000000000000000e0
16,1,3,5.15625000000000000e-1,4.91253841901135635e-1,0.00000000000000000e0
17,1,3,5.46875000000000000e-1,4.67439547413915912e-1,0.00000000000000000e0
18,1,3,5.78125000000000000e-1,4.01301855454201384e-1,0.00000000000000000e0
19,1,3,6.09375000000000000e-1,2.97487391391764999e-1,0.00000000000000000e0
20,1,3,6.40625000000000000e-1,1.84905020752922894e-1,0.00000000000000000e0
21,1,3,6.71875000000000000e-1,9.48271548841161105e-2,0.00000000000000000e0
22,1,3,7.03125000000000000e-1,3.97786202374850600e-2,0.00000000000000000e0
23,1,3,7.34375000000000000e-1,1.35649780277163935e-2,0.00000000000000000e0
24,1,3,7.65625000000000000e-1,3.73486021999271329e-3,0.00000000000000000e0
25,1,3,7.96875000000000000e-1,8.22232686914504659e-4,0.00000000000000000e0
26,1,3,8.28125000000000000e-1,1.42619595862925134e-4,0.00000000000000000e0
27,1,3,8.59375000000000000e-1,1.90535793080926213e-5,0.00000000000000000e0
28,1,3,8.90625000000000000e-1,1.89163256436586846e-6,0.00000000000000000e0
29,1,3,9.21875000000000000e-1,1.31432898342609803e-7,0.00000000000000000e0
30,1,3,9.53125000000000000e-1,5.70435076951981914e-9,0.00000000000000000e0
31,1,3,9.84375000000000000e-1,1.16415321826934814e-10,0.00000000000000000e0
0,2,3,1.56250000000000000e-2,0.00000000000000000e0,0.00000000000000000e0
1,2,3,4.68750000000000000e-2,0.00000000000000000e0,0.00000000000000000e0
2,2,3,7.81250000000000000e-2,0.00000000000000000e0,0.00000000000000000e0
3,2,3,1.09375000000000000e-1,0.00000000000000000e0,0.00000000000000000e0
4,2,3,1.40625000000000000e-1,0.00000000000000000e0,0.00000000000000000e0
5,2,3,1.71875000000000000e-1,0.00000000000000000e0,0.00000000000000000e0
6,2,3,2.03125000000000000e-1,0.00000000000000000e0,0.00000000000000000e0
7,2,3,2.34375000000000000e-1,0.00000000000000000e0,0.00000000000000000e0
8,2,3,2.65625000000000000e-1,5.01129787881098715e-3,0.00000000000000000e0
9,2,3,2.96875000000000000e-1,3.17382198991345843e-2,0.00000000000000000e0
10,2,3,3.28125000000000000e-1,9.85555249499406594e-2,0.00000000000000000e0
11,2,3,3.59375000000000000e-1,2.02493555028969013e-1,0.00000000000000000e0
12,2,3,3.90625000000000000e-1,3.15093087614581380e-1,0.00000000000000000e0
13,2,3,4.21875000000000000e-1,4.05172713683071950e-1,0.00000000000000000e0
14,2,3,4.53125000000000000e-1,4.60221374058260857e-1,0.00000000000000000e0
15,2,3,4.84375000000000000e-1,4.86435021855964822e-1,0.00000000000000000e0
16,2,3,5.15625000000000000e-1,4.91253841901281907e-1,0.00000000000000000e0
17,2,3,5.46875000000000000e-1,4.67439547414021495e-1,0.00000000000000000e0
18,2,3,5.78125000000000000e-1,4.01301855454258394e-1,0.00000000000000000e0
19,2,3,6.09375000000000000e-1,2.97487391391788036e-1,0.00000000000000000e0
20,2,3,6.40625000000000000e-1,1.84905020752930999e-1,0.00000000000000000e0
21,2,3,6.71875000000000000e-1,9.48271548841195661e-2,0.00000000000000000e0
22,2,3,7.03125000000000000e-1,3.97786202374867323e-2,0.00000000000000000e0
23,2,3,7.34375000000000000e-1,1.35649780277170614e-2,0.00000000000000000e0
24,2,3,7.65625000000000000e-1,3.73486021999291018e-3,0.00000000000000000e0
25,2,3,7.96875000000000000e-1,8.22232686914546942e-4,0.00000000000000000e0
26,2,3,8.28125000000000000e-1,1.42619595862931720e-4,0.00000000000000000e0
27,2,3,8.59375000000000000e-1,1.90535793080933463e-5,0.00000000000000000e0
28,2,3,8.90625000000000000e-1,1.89163256436592161e-6,0.00000000000000000e0
29,2,3,9.21875000000000000e-1,1.31432898342612079e-7,0.00000000000000000e0
30,2,3,9.53125000000000000e-1,5.70435076951986216e-9,0.00000000000000000e0
31,2,3,9.84375000000000000e-1,1.16415321826934814e-10,0.00000000000000000e0
0,3,3,1.56250000000000000e-2,0.00000000000000000e0,0.00000000000000000e0
1,3,3,4.68750000000000000e-2,0.00000000000000000e0,0.00000000000000000e0
2,3,3,7.81250000000000000e-2,0.00000000000000000e0,0.00000000000000000e0
3,3,3,1.09375000000000000e-1,0.00000000000000000e0,0.00000000000000000e0
4,3,3,1.40625000000000000e-1,0.00000000000000000e0,0.00000000000000000e0
5,3,3,1.71875000000000000e-1,0.00000000000000000e0,0.00000000000000000e0
6,3,3,2.03125000000000000e-1,0.00000000000000000e0,0.00000000000000000e0
7,3,3,2.34375000000000000e-1,0.00000000000000000e0,0.00000000000000000e0
8,3,3,2.65625000000000000e-1,5.01129787880888033e-3,0.00000000000000000e0
9,3,3,2.96875000000000000e-1,3.17382198991234057e-2,0.00000000000000000e0
10,3,3,3.28125000000000000e-1,9.85555249499115577e-2,0.00000000000000000e0
11,3,3,3.59375000000000000e-1,2.02493555028920524e-1,0.00000000000000000e0
12,3,3,3.90625000000000000e-1,3.15093087614523260e-1,0.00000000000000000e0
13,3,3,4.21875000000000000e-1,4.05172713683019436e-1,0.00000000000000000e0
14,3,3,4.53125000000000000e-1,4.60221374058228883e-1,0.00000000000000000e0
15,3,3,4.84375000000000000e-1,4.86435021855966265e-1,0.00000000000000000e0
16,3,3,5.15625000000000000e-1,4.91253841901320987e-1,0.00000000000000000e0
17,3,3,5.46875000000000000e-1,4.67439547414086554e-1,0.00000000000000000e0
18,3,3,5.78125000000000000e-1,4.01301855454325618e-1,0.00000000000000000e0
19,3,3,6.09375000000000000e-1,2.97487391391837830e-1,0.00000000000000000e0
20,3,3,6.40625000000000000e-1,1.84905020752958393e-1,0.00000000000000000e0
21,3,3,6.71875000000000000e-1,9.48271548841307932e-2,0.00000000000000000e0
22,3,3,7.03125000000000000e-1,3.97786202374901462e-2,0.00000000000000000e0
23,3,3,7.34375000000000000e-1,1.35649780277178143e-2,0.00000000000000000e0
24,3,3,7.65625000000000000e-1,3.73486021999302944e-3,0.00000000000000000e0
25,3,3,7.96875000000000000e-1,8.22232686914559628e-4,0.00000000000000000e0
26,3,3,8.28125000000000000e-1,1.42619595862932452e-4,0.00000000000000000e0
27,3,3,8.59375000000000000e-1,1.90535793080933463e-5,0.00000000000000000e0
28,3,3,8.90625000000000000e-1,1.89163256436592097e-6,0.00000000000000000e0
29,3,3,9.21875000000000000e-1,1.31432898342612264e-7,0.00000000000000000e0
30,3,3,9.53125000000000000e-1,5.70435076951987705e-9,0.00000000000000000e0
31,3,3,9.84375000000000000e-1,1.16415321826934814e-10,0.00000000000000000e0
0,4,3,1.56250000000000000e-2,0.00000000000000000e0,0.00000000000000000e0
1,4,3,4.68750000000000000e-2,0.00000000000000000e0,0.00000000000000000e0
2,4,3,7.81250000000000000e-2,0.00000000000000000e0,0.00000000000000000e0
3,4,3,1.09375000000000000e-1,0.00000000000000000e0,0.00000000000000000e0
4,4,3,1.40625000000000000e-1,0.00000000000000000e0,0.00000000000000000e0
5,4,3,1.71875000000000000e-1,0.00000000000000000e0,0.00000000000000000e0
6,4,3,2.03125000000000000e-1,0.00000000000000000e0,0.00000000000000000e0
7,4,3,2.34375000000000000e-1,0.00000000000000000e0,0.00000000000000000e0
8,4,3,2.65625000000000000e-1,5.01129787880822807e-3,0.00000000000000000e0
9,4,3,2.96875000000000000e-1,3.17382198991204914e-2,0.00000000000000000e0
10,4,3,3.28125000000000000e-1,9.85555249499038138e-2,0.00000000000000000e0
11,4,3,3.59375000000000000e-1,2.02493555028900263e-1,0.00000000000000000e0
12,4,3,3.90625000000000000e-1,3.15093087614473244e-1,0.00000000000000000e0
13,4,3,4.21875000000000000e-1,4.05172713682918795e-1,0.00000000000000000e0
14,4,3,4.53125000000000000e-1,4.60221374058067900e-1,0.00000000000000000e0
15,4,3,4.84375000000000000e-1,4.86435021855756655e-1,0.00000000000000000e0
16,4,3,5.15625000000000000e-1,4.91253841901097110e-1,0.00000000000000000e0
17,4,3,5.46875000000000000e-1,4.67439547413895540e-1,0.00000000000000000e0
18,4,3,5.78125000000000000e-1,4.01301855454201661e-1,0.00000000000000000e0
19,4,3,6.09375000000000000e-1,2.97487391391779765e-1,0.00000000000000000e0
20,4,3,6.40625000000000000e-1,1.84905020752939991e-1,0.00000000000000000e0
21,4,3,6.71875000000000000e-1,9.48271548841275735e-2,0.00000000000000000e0
22,4,3,7.03125000000000000e-1,3.97786202374903683e-2,0.00000000000000000e0
23,4,3,7.34375000000000000e-1,1.35649780277182150e-2,0.00000000000000000e0
24,4,3,7.65625000000000000e-1,3.73486021999319727e-3,0.00000000000000000e0
25,4,3,7.96875000000000000e-1,8.22232686914604297e-4,0.00000000000000000e0
26,4,3,8.28125000000000000e-1,1.42619595862940665e-4,0.00000000000000000e0
27,4,3,8.59375000000000000e-1,1.90535793080943966e-5,0.00000000000000000e0
28,4,3,8.90625000000000000e-1,1.89163256436600885e-6,0.00000000000000000e0
29,4,3,9.21875000000000000e-1,1.31432898342616658e-7,0.00000000000000000e0
30,4,3,9.53125000000000000e-1,5.70435076951997465e-9,0.00000000000000000e0
31,4,3,9.84375000000000000e-1,1.16415321826934814e-10,0.00000000000000000e0
0,5,3,1.56250000000000000e-2,0.00000000000000000e0,0.00000000000000000e0
1,5,3,4.68750000000000000e-2,0.00000000000000000e0,0.00000000000000000e0
2,5,3,7.81250000000000000e-2,0.00000000000000000e0,0.00000000000000000e0
3,5,3,1.09375000000000000e-1,0.00000000000000000e0,0.00000000000000000e0
4,5,3,1.40625000000000000e-1,0.00000000000000000e0,0.00000000000000000e0
5,5,3,1.71875000000000000e-1,0.00000000000000000e0,0.00000000000000000e0
6,5,3,2.03125000000000000e-1,0.00000000000000000e0,0.00000000000000000e0
7,5,3,2.34375000000000000e-1,0.00000000000000000e0,0.00000000000000000e0
8,5,3,2.65625000000000000e-1,5.01129787880781434e-3,0.00000000000000000e0
9,5,3,2.96875000000000000e-1,3.17382198991168762e-2,0.00000000000000000e0
10,5,3,3.28125000000000000e-1,9.85555249498916430e-2,0.00000000000000000e0
11,5,3,3.59375000000000000e-1,2.02493555028878891e-1,0.00000000000000000e0
12,5,3,3.90625000000000000e-1,3.15093087614455980e-1,0.00000000000000000e0
13,5,3,4.21875000000000000e-1,4.05172713682928731e-1,0.00000000000000000e0
14,5,3,4.53125000000000000e-1,4.60221374058116806e-1,0.00000000000000000e0
15,5,3,4.84375000000000000e-1,4.86435021855830318e-1,0.00000000000000000e0
16,5,3,5.15625000000000000e-1,4.91253841901164001e-1,0.00000000000000000e0
17,5,3,5.46875000000000000e-1,4.67439547413930123e-1,0.00000000000000000e0
18,5,3,5.78125000000000000e-1,4.01301855454201273e-1,0.00000000000000000e0
19,5,3,6.09375000000000000e-1,2.97487391391761224e-1,0.00000000000000000e0
20,5,3,6.40625000000000000e-1,1.84905020752922034e-1,0.00000000000000000e0
21,5,3,6.71875000000000000e-1,9.48271548841175954e-2,0.00000000000000000e0
22,5,3,7.03125000000000000e-1,3.97786202374866213e-2,0.00000000000000000e0
23,5,3,7.34375000000000000e-1,1.35649780277171811e-2,0.00000000000000000e0
24,5,3,7.65625000000000000e-1,3.73486021999296786e-3,0.00000000000000000e0
25,5,3,7.96875000000000000e-1,8.22232686914560387e-4,0.00000000000000000e0
26,5,3,8.28125000000000000e-1,1.42619595862933401e-4,0.00000000000000000e0
27,5,3,8.59375000000000000e-1,1.90535793080934310e-5,0.00000000000000000e0
28,5,3,8.90625000000000000e-1,1.89163256436591865e-6,0.00000000000000000e0
29,5,3,9.21875000000000000e-1,1.31432898342611497e-7,0.00000000000000000e0
30,5,3,9.53125000000000000e-1,5.70435076951984479e-9,0.00000000000000000e0
31,5,3,9.84375000000000000e-1,1.16415321826934814e-10,0.00000000000000000e0
0,6,3,1.56250000000000000e-2,0.00000000000000000e0,0.00000000000000000e0
1,6,3,4.68750000000000000e-2,0.00000000000000000e0,0.00000000000000000e0
2,6,3,7.81250000000000000e-2,0.00000000000000000e0,0.00000000000000000e0
3,6,3,1.09375000000000000e-1,0.00000000000000000e0,0.00000000000000000e0
4,6,3,1.40625000000000000e-1,0.00000000000000000e0,0.00000000000000000e0
5,6,3,1.71875000000000000e-1,0.00000000000000000e0,0.00000000000000000e0
6,6,3,2.03125000000000000e-1,0.00000000000000000e0,0.00000000000000000e0
7,6,3,2.34375000000000000e-1,0.00000000000000000e0,0.00000000000000000e0
8,6,3,2.65625000000000000e-1,5.01129787880823501e-3,0.00000000000000000e0
9,6,3,2.96875000000000000e-1,3.17382198991202069e-2,0.00000000000000000e0
10,6,3,3.28125000000000000e-1,9.85555249499050351e-2,0.00000000000000000e0
11,6,3,3.59375000000000000e-1,2.02493555028912781e-1,0.00000000000000000e0
12,6,3,3.90625000000000000e-1,3.15093087614514711e-1,0.00000000000000000e0
13,6,3,4.21875000000000000e-1,4.05172713683003838e-1,0.00000000000000000e0
14,6,3,4.53125000000000000e-1,4.60221374058197186e-1,0.00000000000000000e0
15,6,3,4.84375000000000000e-1,4.86435021855916305e-1,0.00000000000000000e0
16,6,3,5.15625000000000000e-1,4.91253841901262200e-1,0.00000000000000000e0
17,6,3,5.46875000000000000e-1,4.67439547414032652e-1,0.00000000000000000e0
18,6,3,5.78125000000000000e-1,4.01301855454284317e-1,0.00000000000000000e0
19,6,3,6.09375000000000000e-1,2.97487391391808520e-1,0.00000000000000000e0
20,6,3,6.40625000000000000e-1,1.84905020752938798e-1,0.00000000000000000e0
21,6,3,6.71875000000000000e-1,9.48271548841193163e-2,0.00000000000000000e0
22,6,3,7.03125000000000000e-1,3.97786202374847617e-2,0.00000000000000000e0
23,6,3,7.34375000000000000e-1,1.35649780277158748e-2,0.00000000000000000e0
24,6,3,7.65625000000000000e-1,3.73486021999249254e-3,0.00000000000000000e0
25,6,3,7.96875000000000000e-1,8.22232686914446003e-4,0.00000000000000000e0
26,6,3,8.28125000000000000e-1,1.42619595862914156e-4,0.00000000000000000e0
27,6,3,8.59375000000000000e-1,1.90535793080911881e-5,0.00000000000000000e0
28,6,3,8.90625000000000000e-1,1.89163256436574310e-6,0.00000000000000000e0
29,6,3,9.21875000000000000e-1,1.31432898342603185e-7,0.00000000000000000e0
30,6,3,9.53125000000000000e-1,5.70435076951966032e-9,0.00000000000000000e0
31,6,3,9.84375000000000000e-1,1.16415321826934814e-10,0.00000000000000000e0
0,7,3,1.56250000000000000e-2,0.00000000000000000e0,0.00000000000000000e0
1,7,3,4.68750000000000000e-2,0.00000000000000000e0,0.00000000000000000e0
2,7,3,7.81250000000000000e-2,0.00000000000000000e0,0.00000000000000000e0
3,7,3,1.09375000000000000e-1,0.00000000000000000e0,0.00000000000000000e0
4,7,3,1.40625000000000000e-1,0.00000000000000000e0,0.00000000000000000e0
5,7,3,1.71875000000000000e-1,0.00000000000000000e0,0.00000000000000000e0
6,7,3,2.03125000000000000e-1,0.00000000000000000e0,0.00000000000000000e0
7,7,3,2.34375000000000000e-1,0.00000000000000000e0,0.00000000000000000e0
8,7,3,2.65625000000000000e-1,5.01129787881064021e-3,0.00000000000000000e0
9,7,3,2.96875000000000000e-1,3.17382198991330439e-2,0.00000000000000000e0
10,7,3,3.28125000000000000e-1,9.85555249499352748e-2,0.00000000000000000e0
11,7,3,3.59375000000000000e-1,2.02493555028953498e-1,0.00000000000000000e0
12,7,3,3.90625000000000000e-1,3.15093087614546130e-1,0.00000000000000000e0
13,7,3,4.21875000000000000e-1,4.05172713683007835e-1,0.00000000000000000e0
14,7,3,4.53125000000000000e-1,4.60221374058163768e-1,0.00000000000000000e0
15,7,3,4.84375000000000000e-1,4.86435021855838035e-1,0.00000000000000000e0
16,7,3,5.15625000000000000e-1,4.91253841901135468e-1,0.00000000000000000e0
17,7,3,5.46875000000000000e-1,4.67439547413874223e-1,0.00000000000000000e0
18,7,3,5.78125000000000000e-1,4.01301855454132772e-1,0.00000000000000000e0
19,7,3,6.09375000000000000e-1,2.97487391391698330e-1,0.00000000000000000e0
20,7,3,6.40625000000000000e-1,1.84905020752877430e-1,0.00000000000000000e0
21,7,3,6.71875000000000000e-1,9.48271548840928652e-2,0.00000000000000000e0
22,7,3,7.03125000000000000e-1,3.97786202374759076e-2,0.00000000000000000e0
23,7,3,7.34375000000000000e-1,1.35649780277135850e-2,0.00000000000000000e0
24,7,3,7.65625000000000000e-1,3.73486021999204628e-3,0.00000000000000000e0
25,7,3,7.96875000000000000e-1,8.22232686914383011e-4,0.00000000000000000e0
26,7,3,8.28125000000000000e-1,1.42619595862908329e-4,0.00000000000000000e0
27,7,3,8.59375000000000000e-1,1.90535793080908967e-5,0.00000000000000000e0
28,7,3,8.90625000000000000e-1,1.89163256436574500e-6,0.00000000000000000e0
29,7,3,9.21875000000000000e-1,1.31432898342604217e-7,0.00000000000000000e0
30,7,3,9.53125000000000000e-1,5.70435076951969837e-9,0.00000000000000000e0
31,7,3,9.84375000000000000e-1,1.16415321826934814e-10,0.00000000000000000e0
