cell,center,fraction,exact_fraction
0,7.81250000000000000e-3,0.00000000000000000e0,0.00000000000000000e0
1,2.34375000000000000e-2,0.00000000000000000e0,0.00000000000000000e0
2,3.90625000000000000e-2,0.00000000000000000e0,0.00000000000000000e0
3,5.46875000000000000e-2,0.00000000000000000e0,0.00000000000000000e0
4,7.03125000000000000e-2,0.00000000000000000e0,0.00000000000000000e0
5,8.59375000000000000e-2,0.00000000000000000e0,0.00000000000000000e0
6,1.01562500000000000e-1,0.00000000000000000e0,0.00000000000000000e0
7,1.17187500000000000e-1,0.00000000000000000e0,0.00000000000000000e0
8,1.32812500000000000e-1,0.00000000000000000e0,0.00000000000000000e0
9,1.48437500000000000e-1,0.00000000000000000e0,0.00000000000000000e0
10,1.64062500000000000e-1,0.00000000000000000e0,0.00000000000000000e0
11,1.79687500000000000e-1,0.00000000000000000e0,0.00000000000000000e0
12,1.95312500000000000e-1,0.00000000000000000e0,0.00000000000000000e0
13,2.10937500000000000e-1,0.00000000000000000e0,0.00000000000000000e0
14,2.26562500000000000e-1,0.00000000000000000e0,0.00000000000000000e0
15,2.42187500000000000e-1,0.00000000000000000e0,0.00000000000000000e0
16,2.57812500000000000e-1,1.00452425720633286e-4,0.00000000000000000e0
17,2.73437500000000000e-1,1.17194496674072161e-3,0.00000000000000000e0
18,2.89062500000000000e-1,6.70798976201117739e-3,0.00000000000000000e0
19,3.04687500000000000e-1,2.51614724129127013e-2,0.00000000000000000e0
20,3.20312500000000000e-1,6.97573888192580538e-2,0.00000000000000000e0
21,3.35937500000000000e-1,1.53003099444436047e-1,0.00000000000000000e0
22,3.51562500000000000e-1,2.77871665382202981e-1,0.00000000000000000e0
23,3.67187500000000000e-1,4.32470842257533461e-1,0.00000000000000000e0
24,3.82812500000000000e-1,5.93511651502669380e-1,1.00000000000000000e0
25,3.98437500000000000e-1,7.36659037498345826e-1,1.00000000000000000e0
26,4.14062500000000000e-1,8.46405366761697753e-1,1.00000000000000000e0
27,4.29687500000000000e-1,9.19569586270599038e-1,1.00000000000000000e0
28,4.45312500000000000e-1,9.62248714317458065e-1,1.00000000000000000e0
29,4.60937500000000000e-1,9.84135446649180734e-1,1.00000000000000000e0
30,4.76562500000000000e-1,9.94036587465912391e-1,1.00000000000000000e0
31,4.92187500000000000e-1,9.97997043792605121e-1,1.00000000000000000e0
32,5.07812500000000000e-1,9.99299252982588149e-1,1.00000000000000000e0
33,5.23437500000000000e-1,9.98667811144533957e-1,1.00000000000000000e0
34,5.39062500000000000e-1,9.93254002655642898e-1,1.00000000000000000e0
35,5.54687500000000000e-1,9.74830542957185409e-1,1.00000000000000000e0
36,5.70312500000000000e-1,9.30241131523869669e-1,1.00000000000000000e0
37,5.85937500000000000e-1,8.46996659941173458e-1,1.00000000000000000e0
38,6.01562500000000000e-1,7.22128300510486820e-1,1.00000000000000000e0
39,6.17187500000000000e-1,5.67529153563718580e-1,1.00000000000000000e0
40,6.32812500000000000e-1,4.06488348059652893e-1,0.00000000000000000e0
41,6.48437500000000000e-1,2.63340962463023964e-1,0.00000000000000000e0
42,6.64062500000000000e-1,1.53594633235484029e-1,0.00000000000000000e0
43,6.79687500000000000e-1,8.04304137292354837e-2,0.00000000000000000e0
44,6.95312500000000000e-1,3.77512856825343093e-2,0.00000000000000000e0
45,7.10937500000000000e-1,1.58645533508189641e-2,0.00000000000000000e0
46,7.26562500000000000e-1,5.96341253408755149e-3,0.00000000000000000e0
47,7.42187500000000000e-1,2.00295620739489484e-3,0.00000000000000000e0
48,7.57812500000000000e-1,6.00294591691243875e-4,0.00000000000000000e0
49,7.73437500000000000e-1,1.60243888725392612e-4,0.00000000000000000e0
50,7.89062500000000000e-1,3.80075823459894682e-5,0.00000000000000000e0
51,8.04687500000000000e-1,7.98462990192553819e-6,0.00000000000000000e0
52,8.20312500000000000e-1,1.47965687237835335e-6,0.00000000000000000e0
53,8.35937500000000000e-1,2.40614390559841951e-7,0.00000000000000000e0
54,8.51562500000000000e-1,3.41073102567567184e-8,0.00000000000000000e0
55,8.67187500000000000e-1,4.17874789399074256e-9,0.00000000000000000e0
56,8.82812500000000000e-1,4.37677598644995586e-10,0.00000000000000000e0
57,8.98437500000000000e-1,3.86301004747825749e-11,0.00000000000000000e0
58,9.14062500000000000e-1,2.81814551078909958e-12,0.00000000000000000e0
59,9.29687500000000000e-1,1.65408106048842152e-13,0.00000000000000000e0
60,9.45312500000000000e-1,7.50707005239825698e-15,0.00000000000000000e0
61,9.60937500000000000e-1,2.47252305435319286e-16,0.00000000000000000e0
62,9.76562500000000000e-1,5.25838053655469650e-18,0.00000000000000000e0
63,9.92187500000000000e-1,5.42101086242752217e-20,0.00000000000000000e0
