axis,i,j,k,velocity
0,0,0,0,9.98832225799560547e-1
0,1,0,0,9.98832225799560547e-1
0,2,0,0,9.98832225799560547e-1
0,0,1,0,9.89506423473358154e-1
0,1,1,0,9.89506423473358154e-1
0,2,1,0,9.89506423473358154e-1
0,0,2,0,9.70941841602325439e-1
0,1,2,0,9.70941841602325439e-1
0,2,2,0,9.70941841602325439e-1
0,0,3,0,9.43311810493469238e-1
0,1,3,0,9.43311810493469238e-1
0,2,3,0,9.43311810493469238e-1
0,0,4,0,9.06874358654022217e-1
0,1,4,0,9.06874358654022217e-1
0,2,4,0,9.06874358654022217e-1
0,0,5,0,8.61969649791717529e-1
0,1,5,0,8.61969649791717529e-1
0,2,5,0,8.61969649791717529e-1
0,0,6,0,8.09017002582550049e-1
0,1,6,0,8.09017002582550049e-1
0,2,6,0,8.09017002582550049e-1
0,0,7,0,7.48510777950286865e-1
0,1,7,0,7.48510777950286865e-1
0,2,7,0,7.48510777950286865e-1
0,0,8,0,6.81015849113464355e-1
0,1,8,0,6.81015849113464355e-1
0,2,8,0,6.81015849113464355e-1
0,0,9,0,6.07162535190582275e-1
0,1,9,0,6.07162535190582275e-1
0,2,9,0,6.07162535190582275e-1
0,0,10,0,5.27640223503112793e-1
0,1,10,0,5.27640223503112793e-1
0,2,10,0,5.27640223503112793e-1
0,0,11,0,4.43191558122634888e-1
0,1,11,0,4.43191558122634888e-1
0,2,11,0,4.43191558122634888e-1
0,0,12,0,3.54604899883270264e-1
0,1,12,0,3.54604899883270264e-1
0,2,12,0,3.54604899883270264e-1
0,0,13,0,2.62707382440567017e-1
0,1,13,0,2.62707382440567017e-1
0,2,13,0,2.62707382440567017e-1
0,0,14,0,1.68357044458389282e-1
0,1,14,0,1.68357044458389282e-1
0,2,14,0,1.68357044458389282e-1
0,0,15,0,7.24347978830337524e-2
0,1,15,0,7.24347978830337524e-2
0,2,15,0,7.24347978830337524e-2
0,0,16,0,-2.41637453436851501e-2
0,1,16,0,-2.41637453436851501e-2
0,2,16,0,-2.41637453436851501e-2
0,0,17,0,-1.20536677539348602e-1
0,1,17,0,-1.20536677539348602e-1
0,2,17,0,-1.20536677539348602e-1
0,0,18,0,-2.15784192085266113e-1
0,1,18,0,-2.15784192085266113e-1
0,2,18,0,-2.15784192085266113e-1
0,0,19,0,-3.09017002582550049e-1
0,1,19,0,-3.09017002582550049e-1
0,2,19,0,-3.09017002582550049e-1
0,0,20,0,-3.99364590644836426e-1
0,1,20,0,-3.99364590644836426e-1
0,2,20,0,-3.99364590644836426e-1
0,0,21,0,-4.85983401536941528e-1
0,1,21,0,-4.85983401536941528e-1
0,2,21,0,-4.85983401536941528e-1
0,0,22,0,-5.68064749240875244e-1
0,1,22,0,-5.68064749240875244e-1
0,2,22,0,-5.68064749240875244e-1
0,0,23,0,-6.44842207431793213e-1
0,1,23,0,-6.44842207431793213e-1
0,2,23,0,-6.44842207431793213e-1
0,0,24,0,-7.15598940849304199e-1
0,1,24,0,-7.15598940849304199e-1
0,2,24,0,-7.15598940849304199e-1
0,0,25,0,-7.79674351215362549e-1
0,1,25,0,-7.79674351215362549e-1
0,2,25,0,-7.79674351215362549e-1
0,0,26,0,-8.36470127105712891e-1
0,1,26,0,-8.36470127105712891e-1
0,2,26,0,-8.36470127105712891e-1
0,0,27,0,-8.85456025600433350e-1
0,1,27,0,-8.85456025600433350e-1
0,2,27,0,-8.85456025600433350e-1
0,0,28,0,-9.26174640655517578e-1
0,1,28,0,-9.26174640655517578e-1
0,2,28,0,-9.26174640655517578e-1
0,0,29,0,-9.58245813846588135e-1
0,1,29,0,-9.58245813846588135e-1
0,2,29,0,-9.58245813846588135e-1
0,0,30,0,-9.81370151042938232e-1
0,1,30,0,-9.81370151042938232e-1
0,2,30,0,-9.81370151042938232e-1
0,0,31,0,-9.95331645011901855e-1
0,1,31,0,-9.95331645011901855e-1
0,2,31,0,-9.95331645011901855e-1
0,0,32,0,0.00000000000000000e0
0,1,32,0,0.00000000000000000e0
0,2,32,0,0.00000000000000000e0
0,0,33,0,0.00000000000000000e0
0,1,33,0,0.00000000000000000e0
0,2,33,0,0.00000000000000000e0
0,0,0,1,9.98832225799560547e-1
0,1,0,1,9.98832225799560547e-1
0,2,0,1,9.98832225799560547e-1
0,0,1,1,9.89506423473358154e-1
0,1,1,1,9.89506423473358154e-1
0,2,1,1,9.89506423473358154e-1
0,0,2,1,9.70941841602325439e-1
0,1,2,1,9.70941841602325439e-1
0,2,2,1,9.70941841602325439e-1
0,0,3,1,9.43311810493469238e-1
0,1,3,1,9.43311810493469238e-1
0,2,3,1,9.43311810493469238e-1
0,0,4,1,9.06874358654022217e-1
0,1,4,1,9.06874358654022217e-1
0,2,4,1,9.06874358654022217e-1
0,0,5,1,8.61969649791717529e-1
0,1,5,1,8.61969649791717529e-1
0,2,5,1,8.61969649791717529e-1
0,0,6,1,8.09017002582550049e-1
0,1,6,1,8.09017002582550049e-1
0,2,6,1,8.09017002582550049e-1
0,0,7,1,7.48510777950286865e-1
0,1,7,1,7.48510777950286865e-1
0,2,7,1,7.48510777950286865e-1
0,0,8,1,6.81015849113464355e-1
0,1,8,1,6.81015849113464355e-1
0,2,8,1,6.81015849113464355e-1
0,0,9,1,6.07162535190582275e-1
0,1,9,1,6.07162535190582275e-1
0,2,9,1,6.07162535190582275e-1
0,0,10,1,5.27640223503112793e-1
0,1,10,1,5.27640223503112793e-1
0,2,10,1,5.27640223503112793e-1
0,0,11,1,4.43191558122634888e-1
0,1,11,1,4.43191558122634888e-1
0,2,11,1,4.43191558122634888e-1
0,0,12,1,3.54604899883270264e-1
0,1,12,1,3.54604899883270264e-1
0,2,12,1,3.54604899883270264e-1
0,0,13,1,2.62707382440567017e-1
0,1,13,1,2.62707382440567017e-1
0,2,13,1,2.62707382440567017e-1
0,0,14,1,1.68357044458389282e-1
0,1,14,1,1.68357044458389282e-1
0,2,14,1,1.68357044458389282e-1
0,0,15,1,7.24347978830337524e-2
0,1,15,1,7.24347978830337524e-2
0,2,15,1,7.24347978830337524e-2
0,0,16,1,-2.41637453436851501e-2
0,1,16,1,-2.41637453436851501e-2
0,2,16,1,-2.41637453436851501e-2
0,0,17,1,-1.20536677539348602e-1
0,1,17,1,-1.20536677539348602e-1
0,2,17,1,-1.20536677539348602e-1
0,0,18,1,-2.15784192085266113e-1
0,1,18,1,-2.15784192085266113e-1
0,2,18,1,-2.15784192085266113e-1
0,0,19,1,-3.09017002582550049e-1
0,1,19,1,-3.09017002582550049e-1
0,2,19,1,-3.09017002582550049e-1
0,0,20,1,-3.99364590644836426e-1
0,1,20,1,-3.99364590644836426e-1
0,2,20,1,-3.99364590644836426e-1
0,0,21,1,-4.85983401536941528e-1
0,1,21,1,-4.85983401536941528e-1
0,2,21,1,-4.85983401536941528e-1
0,0,22,1,-5.68064749240875244e-1
0,1,22,1,-5.68064749240875244e-1
0,2,22,1,-5.68064749240875244e-1
0,0,23,1,-6.44842207431793213e-1
0,1,23,1,-6.44842207431793213e-1
0,2,23,1,-6.44842207431793213e-1
0,0,24,1,-7.15598940849304199e-1
0,1,24,1,-7.15598940849304199e-1
0,2,24,1,-7.15598940849304199e-1
0,0,25,1,-7.79674351215362549e-1
0,1,25,1,-7.79674351215362549e-1
0,2,25,1,-7.79674351215362549e-1
0,0,26,1,-8.36470127105712891e-1
0,1,26,1,-8.36470127105712891e-1
0,2,26,1,-8.36470127105712891e-1
0,0,27,1,-8.85456025600433350e-1
0,1,27,1,-8.85456025600433350e-1
0,2,27,1,-8.85456025600433350e-1
0,0,28,1,-9.26174640655517578e-1
0,1,28,1,-9.26174640655517578e-1
0,2,28,1,-9.26174640655517578e-1
0,0,29,1,-9.58245813846588135e-1
0,1,29,1,-9.58245813846588135e-1
0,2,29,1,-9.58245813846588135e-1
0,0,30,1,-9.81370151042938232e-1
0,1,30,1,-9.81370151042938232e-1
0,2,30,1,-9.81370151042938232e-1
0,0,31,1,-9.95331645011901855e-1
0,1,31,1,-9.95331645011901855e-1
0,2,31,1,-9.95331645011901855e-1
0,0,32,1,0.00000000000000000e0
0,1,32,1,0.00000000000000000e0
0,2,32,1,0.00000000000000000e0
0,0,33,1,0.00000000000000000e0
0,1,33,1,0.00000000000000000e0
0,2,33,1,0.00000000000000000e0
0,0,0,2,9.98832225799560547e-1
0,1,0,2,9.98832225799560547e-1
0,2,0,2,9.98832225799560547e-1
0,0,1,2,9.89506423473358154e-1
0,1,1,2,9.89506423473358154e-1
0,2,1,2,9.89506423473358154e-1
0,0,2,2,9.70941841602325439e-1
0,1,2,2,9.70941841602325439e-1
0,2,2,2,9.70941841602325439e-1
0,0,3,2,9.43311810493469238e-1
0,1,3,2,9.43311810493469238e-1
0,2,3,2,9.43311810493469238e-1
0,0,4,2,9.06874358654022217e-1
0,1,4,2,9.06874358654022217e-1
0,2,4,2,9.06874358654022217e-1
0,0,5,2,8.61969649791717529e-1
0,1,5,2,8.61969649791717529e-1
0,2,5,2,8.61969649791717529e-1
0,0,6,2,8.09017002582550049e-1
0,1,6,2,8.09017002582550049e-1
0,2,6,2,8.09017002582550049e-1
0,0,7,2,7.48510777950286865e-1
0,1,7,2,7.48510777950286865e-1
0,2,7,2,7.48510777950286865e-1
0,0,8,2,6.81015849113464355e-1
0,1,8,2,6.81015849113464355e-1
0,2,8,2,6.81015849113464355e-1
0,0,9,2,6.07162535190582275e-1
0,1,9,2,6.07162535190582275e-1
0,2,9,2,6.07162535190582275e-1
0,0,10,2,5.27640223503112793e-1
0,1,10,2,5.27640223503112793e-1
0,2,10,2,5.27640223503112793e-1
0,0,11,2,4.43191558122634888e-1
0,1,11,2,4.43191558122634888e-1
0,2,11,2,4.43191558122634888e-1
0,0,12,2,3.54604899883270264e-1
0,1,12,2,3.54604899883270264e-1
0,2,12,2,3.54604899883270264e-1
0,0,13,2,2.62707382440567017e-1
0,1,13,2,2.62707382440567017e-1
0,2,13,2,2.62707382440567017e-1
0,0,14,2,1.68357044458389282e-1
0,1,14,2,1.68357044458389282e-1
0,2,14,2,1.68357044458389282e-1
0,0,15,2,7.24347978830337524e-2
0,1,15,2,7.24347978830337524e-2
0,2,15,2,7.24347978830337524e-2
0,0,16,2,-2.41637453436851501e-2
0,1,16,2,-2.41637453436851501e-2
0,2,16,2,-2.41637453436851501e-2
0,0,17,2,-1.20536677539348602e-1
0,1,17,2,-1.20536677539348602e-1
0,2,17,2,-1.20536677539348602e-1
0,0,18,2,-2.15784192085266113e-1
0,1,18,2,-2.15784192085266113e-1
0,2,18,2,-2.15784192085266113e-1
0,0,19,2,-3.09017002582550049e-1
0,1,19,2,-3.09017002582550049e-1
0,2,19,2,-3.09017002582550049e-1
0,0,20,2,-3.99364590644836426e-1
0,1,20,2,-3.99364590644836426e-1
0,2,20,2,-3.99364590644836426e-1
0,0,21,2,-4.85983401536941528e-1
0,1,21,2,-4.85983401536941528e-1
0,2,21,2,-4.85983401536941528e-1
0,0,22,2,-5.68064749240875244e-1
0,1,22,2,-5.68064749240875244e-1
0,2,22,2,-5.68064749240875244e-1
0,0,23,2,-6.44842207431793213e-1
0,1,23,2,-6.44842207431793213e-1
0,2,23,2,-6.44842207431793213e-1
0,0,24,2,-7.15598940849304199e-1
0,1,24,2,-7.15598940849304199e-1
0,2,24,2,-7.15598940849304199e-1
0,0,25,2,-7.79674351215362549e-1
0,1,25,2,-7.79674351215362549e-1
0,2,25,2,-7.79674351215362549e-1
0,0,26,2,-8.36470127105712891e-1
0,1,26,2,-8.36470127105712891e-1
0,2,26,2,-8.36470127105712891e-1
0,0,27,2,-8.85456025600433350e-1
0,1,27,2,-8.85456025600433350e-1
0,2,27,2,-8.85456025600433350e-1
0,0,28,2,-9.26174640655517578e-1
0,1,28,2,-9.26174640655517578e-1
0,2,28,2,-9.26174640655517578e-1
0,0,29,2,-9.58245813846588135e-1
0,1,29,2,-9.58245813846588135e-1
0,2,29,2,-9.58245813846588135e-1
0,0,30,2,-9.81370151042938232e-1
0,1,30,2,-9.81370151042938232e-1
0,2,30,2,-9.81370151042938232e-1
0,0,31,2,-9.95331645011901855e-1
0,1,31,2,-9.95331645011901855e-1
0,2,31,2,-9.95331645011901855e-1
0,0,32,2,0.00000000000000000e0
0,1,32,2,0.00000000000000000e0
0,2,32,2,0.00000000000000000e0
0,0,33,2,0.00000000000000000e0
0,1,33,2,0.00000000000000000e0
0,2,33,2,0.00000000000000000e0
1,0,0,0,0.00000000000000000e0
1,1,0,0,0.00000000000000000e0
1,0,1,0,0.00000000000000000e0
1,1,1,0,0.00000000000000000e0
1,0,2,0,0.00000000000000000e0
1,1,2,0,0.00000000000000000e0
1,0,3,0,0.00000000000000000e0
1,1,3,0,0.00000000000000000e0
1,0,4,0,0.00000000000000000e0
1,1,4,0,0.00000000000000000e0
1,0,5,0,0.00000000000000000e0
1,1,5,0,0.00000000000000000e0
1,0,6,0,0.00000000000000000e0
1,1,6,0,0.00000000000000000e0
1,0,7,0,0.00000000000000000e0
1,1,7,0,0.00000000000000000e0
1,0,8,0,0.00000000000000000e0
1,1,8,0,0.00000000000000000e0
1,0,9,0,0.00000000000000000e0
1,1,9,0,0.00000000000000000e0
1,0,10,0,0.00000000000000000e0
1,1,10,0,0.00000000000000000e0
1,0,11,0,0.00000000000000000e0
1,1,11,0,0.00000000000000000e0
1,0,12,0,0.00000000000000000e0
1,1,12,0,0.00000000000000000e0
1,0,13,0,0.00000000000000000e0
1,1,13,0,0.00000000000000000e0
1,0,14,0,0.00000000000000000e0
1,1,14,0,0.00000000000000000e0
1,0,15,0,0.00000000000000000e0
1,1,15,0,0.00000000000000000e0
1,0,16,0,0.00000000000000000e0
1,1,16,0,0.00000000000000000e0
1,0,17,0,0.00000000000000000e0
1,1,17,0,0.00000000000000000e0
1,0,18,0,0.00000000000000000e0
1,1,18,0,0.00000000000000000e0
1,0,19,0,0.00000000000000000e0
1,1,19,0,0.00000000000000000e0
1,0,20,0,0.00000000000000000e0
1,1,20,0,0.00000000000000000e0
1,0,21,0,0.00000000000000000e0
1,1,21,0,0.00000000000000000e0
1,0,22,0,0.00000000000000000e0
1,1,22,0,0.00000000000000000e0
1,0,23,0,0.00000000000000000e0
1,1,23,0,0.00000000000000000e0
1,0,24,0,0.00000000000000000e0
1,1,24,0,0.00000000000000000e0
1,0,25,0,0.00000000000000000e0
1,1,25,0,0.00000000000000000e0
1,0,26,0,0.00000000000000000e0
1,1,26,0,0.00000000000000000e0
1,0,27,0,0.00000000000000000e0
1,1,27,0,0.00000000000000000e0
1,0,28,0,0.00000000000000000e0
1,1,28,0,0.00000000000000000e0
1,0,29,0,0.00000000000000000e0
1,1,29,0,0.00000000000000000e0
1,0,30,0,0.00000000000000000e0
1,1,30,0,0.00000000000000000e0
1,0,31,0,0.00000000000000000e0
1,1,31,0,0.00000000000000000e0
1,0,32,0,0.00000000000000000e0
1,1,32,0,0.00000000000000000e0
1,0,33,0,0.00000000000000000e0
1,1,33,0,0.00000000000000000e0
1,0,34,0,0.00000000000000000e0
1,1,34,0,0.00000000000000000e0
1,0,0,1,0.00000000000000000e0
1,1,0,1,0.00000000000000000e0
1,0,1,1,0.00000000000000000e0
1,1,1,1,0.00000000000000000e0
1,0,2,1,0.00000000000000000e0
1,1,2,1,0.00000000000000000e0
1,0,3,1,0.00000000000000000e0
1,1,3,1,0.00000000000000000e0
1,0,4,1,0.00000000000000000e0
1,1,4,1,0.00000000000000000e0
1,0,5,1,0.00000000000000000e0
1,1,5,1,0.00000000000000000e0
1,0,6,1,0.00000000000000000e0
1,1,6,1,0.00000000000000000e0
1,0,7,1,0.00000000000000000e0
1,1,7,1,0.00000000000000000e0
1,0,8,1,0.00000000000000000e0
1,1,8,1,0.00000000000000000e0
1,0,9,1,0.00000000000000000e0
1,1,9,1,0.00000000000000000e0
1,0,10,1,0.00000000000000000e0
1,1,10,1,0.00000000000000000e0
1,0,11,1,0.00000000000000000e0
1,1,11,1,0.00000000000000000e0
1,0,12,1,0.00000000000000000e0
1,1,12,1,0.00000000000000000e0
1,0,13,1,0.00000000000000000e0
1,1,13,1,0.00000000000000000e0
1,0,14,1,0.00000000000000000e0
1,1,14,1,0.00000000000000000e0
1,0,15,1,0.00000000000000000e0
1,1,15,1,0.00000000000000000e0
1,0,16,1,0.00000000000000000e0
1,1,16,1,0.00000000000000000e0
1,0,17,1,0.00000000000000000e0
1,1,17,1,0.00000000000000000e0
1,0,18,1,0.00000000000000000e0
1,1,18,1,0.00000000000000000e0
1,0,19,1,0.00000000000000000e0
1,1,19,1,0.00000000000000000e0
1,0,20,1,0.00000000000000000e0
1,1,20,1,0.00000000000000000e0
1,0,21,1,0.00000000000000000e0
1,1,21,1,0.00000000000000000e0
1,0,22,1,0.00000000000000000e0
1,1,22,1,0.00000000000000000e0
1,0,23,1,0.00000000000000000e0
1,1,23,1,0.00000000000000000e0
1,0,24,1,0.00000000000000000e0
1,1,24,1,0.00000000000000000e0
1,0,25,1,0.00000000000000000e0
1,1,25,1,0.00000000000000000e0
1,0,26,1,0.00000000000000000e0
1,1,26,1,0.00000000000000000e0
1,0,27,1,0.00000000000000000e0
1,1,27,1,0.00000000000000000e0
1,0,28,1,0.00000000000000000e0
1,1,28,1,0.00000000000000000e0
1,0,29,1,0.00000000000000000e0
1,1,29,1,0.00000000000000000e0
1,0,30,1,0.00000000000000000e0
1,1,30,1,0.00000000000000000e0
1,0,31,1,0.00000000000000000e0
1,1,31,1,0.00000000000000000e0
1,0,32,1,0.00000000000000000e0
1,1,32,1,0.00000000000000000e0
1,0,33,1,0.00000000000000000e0
1,1,33,1,0.00000000000000000e0
1,0,34,1,0.00000000000000000e0
1,1,34,1,0.00000000000000000e0
1,0,0,2,0.00000000000000000e0
1,1,0,2,0.00000000000000000e0
1,0,1,2,0.00000000000000000e0
1,1,1,2,0.00000000000000000e0
1,0,2,2,0.00000000000000000e0
1,1,2,2,0.00000000000000000e0
1,0,3,2,0.00000000000000000e0
1,1,3,2,0.00000000000000000e0
1,0,4,2,0.00000000000000000e0
1,1,4,2,0.00000000000000000e0
1,0,5,2,0.00000000000000000e0
1,1,5,2,0.00000000000000000e0
1,0,6,2,0.00000000000000000e0
1,1,6,2,0.00000000000000000e0
1,0,7,2,0.00000000000000000e0
1,1,7,2,0.00000000000000000e0
1,0,8,2,0.00000000000000000e0
1,1,8,2,0.00000000000000000e0
1,0,9,2,0.00000000000000000e0
1,1,9,2,0.00000000000000000e0
1,0,10,2,0.00000000000000000e0
1,1,10,2,0.00000000000000000e0
1,0,11,2,0.00000000000000000e0
1,1,11,2,0.00000000000000000e0
1,0,12,2,0.00000000000000000e0
1,1,12,2,0.00000000000000000e0
1,0,13,2,0.00000000000000000e0
1,1,13,2,0.00000000000000000e0
1,0,14,2,0.00000000000000000e0
1,1,14,2,0.00000000000000000e0
1,0,15,2,0.00000000000000000e0
1,1,15,2,0.00000000000000000e0
1,0,16,2,0.00000000000000000e0
1,1,16,2,0.00000000000000000e0
1,0,17,2,0.00000000000000000e0
1,1,17,2,0.00000000000000000e0
1,0,18,2,0.00000000000000000e0
1,1,18,2,0.00000000000000000e0
1,0,19,2,0.00000000000000000e0
1,1,19,2,0.00000000000000000e0
1,0,20,2,0.00000000000000000e0
1,1,20,2,0.00000000000000000e0
1,0,21,2,0.00000000000000000e0
1,1,21,2,0.00000000000000000e0
1,0,22,2,0.00000000000000000e0
1,1,22,2,0.00000000000000000e0
1,0,23,2,0.00000000000000000e0
1,1,23,2,0.00000000000000000e0
1,0,24,2,0.00000000000000000e0
1,1,24,2,0.00000000000000000e0
1,0,25,2,0.00000000000000000e0
1,1,25,2,0.00000000000000000e0
1,0,26,2,0.00000000000000000e0
1,1,26,2,0.00000000000000000e0
1,0,27,2,0.00000000000000000e0
1,1,27,2,0.00000000000000000e0
1,0,28,2,0.00000000000000000e0
1,1,28,2,0.00000000000000000e0
1,0,29,2,0.00000000000000000e0
1,1,29,2,0.00000000000000000e0
1,0,30,2,0.00000000000000000e0
1,1,30,2,0.00000000000000000e0
1,0,31,2,0.00000000000000000e0
1,1,31,2,0.00000000000000000e0
1,0,32,2,0.00000000000000000e0
1,1,32,2,0.00000000000000000e0
1,0,33,2,0.00000000000000000e0
1,1,33,2,0.00000000000000000e0
1,0,34,2,0.00000000000000000e0
1,1,34,2,0.00000000000000000e0
2,0,0,0,4.99416112899780273e-1
2,1,0,0,4.99416112899780273e-1
2,0,1,0,4.94753211736679077e-1
2,1,1,0,4.94753211736679077e-1
2,0,2,0,4.85470920801162720e-1
2,1,2,0,4.85470920801162720e-1
2,0,3,0,4.71655905246734619e-1
2,1,3,0,4.71655905246734619e-1
2,0,4,0,4.53437179327011108e-1
2,1,4,0,4.53437179327011108e-1
2,0,5,0,4.30984824895858765e-1
2,1,5,0,4.30984824895858765e-1
2,0,6,0,4.04508501291275024e-1
2,1,6,0,4.04508501291275024e-1
2,0,7,0,3.74255388975143433e-1
2,1,7,0,3.74255388975143433e-1
2,0,8,0,3.40507924556732178e-1
2,1,8,0,3.40507924556732178e-1
2,0,9,0,3.03581267595291138e-1
2,1,9,0,3.03581267595291138e-1
2,0,10,0,2.63820111751556396e-1
2,1,10,0,2.63820111751556396e-1
2,0,11,0,2.21595779061317444e-1
2,1,11,0,2.21595779061317444e-1
2,0,12,0,1.77302449941635132e-1
2,1,12,0,1.77302449941635132e-1
2,0,13,0,1.31353691220283508e-1
2,1,13,0,1.31353691220283508e-1
2,0,14,0,8.41785222291946411e-2
2,1,14,0,8.41785222291946411e-2
2,0,15,0,3.62173989415168762e-2
2,1,15,0,3.62173989415168762e-2
2,0,16,0,-1.20818726718425751e-2
2,1,16,0,-1.20818726718425751e-2
2,0,17,0,-6.02683387696743011e-2
2,1,17,0,-6.02683387696743011e-2
2,0,18,0,-1.07892096042633057e-1
2,1,18,0,-1.07892096042633057e-1
2,0,19,0,-1.54508501291275024e-1
2,1,19,0,-1.54508501291275024e-1
2,0,20,0,-1.99682295322418213e-1
2,1,20,0,-1.99682295322418213e-1
2,0,21,0,-2.42991700768470764e-1
2,1,21,0,-2.42991700768470764e-1
2,0,22,0,-2.84032374620437622e-1
2,1,22,0,-2.84032374620437622e-1
2,0,23,0,-3.22421103715896606e-1
2,1,23,0,-3.22421103715896606e-1
2,0,24,0,-3.57799470424652100e-1
2,1,24,0,-3.57799470424652100e-1
2,0,25,0,-3.89837175607681274e-1
2,1,25,0,-3.89837175607681274e-1
2,0,26,0,-4.18235063552856445e-1
2,1,26,0,-4.18235063552856445e-1
2,0,27,0,-4.42728012800216675e-1
2,1,27,0,-4.42728012800216675e-1
2,0,28,0,-4.63087320327758789e-1
2,1,28,0,-4.63087320327758789e-1
2,0,29,0,-4.79122906923294067e-1
2,1,29,0,-4.79122906923294067e-1
2,0,30,0,-4.90685075521469116e-1
2,1,30,0,-4.90685075521469116e-1
2,0,31,0,-4.97665822505950928e-1
2,1,31,0,-4.97665822505950928e-1
2,0,32,0,0.00000000000000000e0
2,1,32,0,0.00000000000000000e0
2,0,33,0,0.00000000000000000e0
2,1,33,0,0.00000000000000000e0
2,0,0,1,4.99416112899780273e-1
2,1,0,1,4.99416112899780273e-1
2,0,1,1,4.94753211736679077e-1
2,1,1,1,4.94753211736679077e-1
2,0,2,1,4.85470920801162720e-1
2,1,2,1,4.85470920801162720e-1
2,0,3,1,4.71655905246734619e-1
2,1,3,1,4.71655905246734619e-1
2,0,4,1,4.53437179327011108e-1
2,1,4,1,4.53437179327011108e-1
2,0,5,1,4.30984824895858765e-1
2,1,5,1,4.30984824895858765e-1
2,0,6,1,4.04508501291275024e-1
2,1,6,1,4.04508501291275024e-1
2,0,7,1,3.74255388975143433e-1
2,1,7,1,3.74255388975143433e-1
2,0,8,1,3.40507924556732178e-1
2,1,8,1,3.40507924556732178e-1
2,0,9,1,3.03581267595291138e-1
2,1,9,1,3.03581267595291138e-1
2,0,10,1,2.63820111751556396e-1
2,1,10,1,2.63820111751556396e-1
2,0,11,1,2.21595779061317444e-1
2,1,11,1,2.21595779061317444e-1
2,0,12,1,1.77302449941635132e-1
2,1,12,1,1.77302449941635132e-1
2,0,13,1,1.31353691220283508e-1
2,1,13,1,1.31353691220283508e-1
2,0,14,1,8.41785222291946411e-2
2,1,14,1,8.41785222291946411e-2
2,0,15,1,3.62173989415168762e-2
2,1,15,1,3.62173989415168762e-2
2,0,16,1,-1.20818726718425751e-2
2,1,16,1,-1.20818726718425751e-2
2,0,17,1,-6.02683387696743011e-2
2,1,17,1,-6.02683387696743011e-2
2,0,18,1,-1.07892096042633057e-1
2,1,18,1,-1.07892096042633057e-1
2,0,19,1,-1.54508501291275024e-1
2,1,19,1,-1.54508501291275024e-1
2,0,20,1,-1.99682295322418213e-1
2,1,20,1,-1.99682295322418213e-1
2,0,21,1,-2.42991700768470764e-1
2,1,21,1,-2.42991700768470764e-1
2,0,22,1,-2.84032374620437622e-1
2,1,22,1,-2.84032374620437622e-1
2,0,23,1,-3.22421103715896606e-1
2,1,23,1,-3.22421103715896606e-1
2,0,24,1,-3.57799470424652100e-1
2,1,24,1,-3.57799470424652100e-1
2,0,25,1,-3.89837175607681274e-1
2,1,25,1,-3.89837175607681274e-1
2,0,26,1,-4.18235063552856445e-1
2,1,26,1,-4.18235063552856445e-1
2,0,27,1,-4.42728012800216675e-1
2,1,27,1,-4.42728012800216675e-1
2,0,28,1,-4.63087320327758789e-1
2,1,28,1,-4.63087320327758789e-1
2,0,29,1,-4.79122906923294067e-1
2,1,29,1,-4.79122906923294067e-1
2,0,30,1,-4.90685075521469116e-1
2,1,30,1,-4.90685075521469116e-1
2,0,31,1,-4.97665822505950928e-1
2,1,31,1,-4.97665822505950928e-1
2,0,32,1,0.00000000000000000e0
2,1,32,1,0.00000000000000000e0
2,0,33,1,0.00000000000000000e0
2,1,33,1,0.00000000000000000e0
2,0,0,2,4.99416112899780273e-1
2,1,0,2,4.99416112899780273e-1
2,0,1,2,4.94753211736679077e-1
2,1,1,2,4.94753211736679077e-1
2,0,2,2,4.85470920801162720e-1
2,1,2,2,4.85470920801162720e-1
2,0,3,2,4.71655905246734619e-1
2,1,3,2,4.71655905246734619e-1
2,0,4,2,4.53437179327011108e-1
2,1,4,2,4.53437179327011108e-1
2,0,5,2,4.30984824895858765e-1
2,1,5,2,4.30984824895858765e-1
2,0,6,2,4.04508501291275024e-1
2,1,6,2,4.04508501291275024e-1
2,0,7,2,3.74255388975143433e-1
2,1,7,2,3.74255388975143433e-1
2,0,8,2,3.40507924556732178e-1
2,1,8,2,3.40507924556732178e-1
2,0,9,2,3.03581267595291138e-1
2,1,9,2,3.03581267595291138e-1
2,0,10,2,2.63820111751556396e-1
2,1,10,2,2.63820111751556396e-1
2,0,11,2,2.21595779061317444e-1
2,1,11,2,2.21595779061317444e-1
2,0,12,2,1.77302449941635132e-1
2,1,12,2,1.77302449941635132e-1
2,0,13,2,1.31353691220283508e-1
2,1,13,2,1.31353691220283508e-1
2,0,14,2,8.41785222291946411e-2
2,1,14,2,8.41785222291946411e-2
2,0,15,2,3.62173989415168762e-2
2,1,15,2,3.62173989415168762e-2
2,0,16,2,-1.20818726718425751e-2
2,1,16,2,-1.20818726718425751e-2
2,0,17,2,-6.02683387696743011e-2
2,1,17,2,-6.02683387696743011e-2
2,0,18,2,-1.07892096042633057e-1
2,1,18,2,-1.07892096042633057e-1
2,0,19,2,-1.54508501291275024e-1
2,1,19,2,-1.54508501291275024e-1
2,0,20,2,-1.99682295322418213e-1
2,1,20,2,-1.99682295322418213e-1
2,0,21,2,-2.42991700768470764e-1
2,1,21,2,-2.42991700768470764e-1
2,0,22,2,-2.84032374620437622e-1
2,1,22,2,-2.84032374620437622e-1
2,0,23,2,-3.22421103715896606e-1
2,1,23,2,-3.22421103715896606e-1
2,0,24,2,-3.57799470424652100e-1
2,1,24,2,-3.57799470424652100e-1
2,0,25,2,-3.89837175607681274e-1
2,1,25,2,-3.89837175607681274e-1
2,0,26,2,-4.18235063552856445e-1
2,1,26,2,-4.18235063552856445e-1
2,0,27,2,-4.42728012800216675e-1
2,1,27,2,-4.42728012800216675e-1
2,0,28,2,-4.63087320327758789e-1
2,1,28,2,-4.63087320327758789e-1
2,0,29,2,-4.79122906923294067e-1
2,1,29,2,-4.79122906923294067e-1
2,0,30,2,-4.90685075521469116e-1
2,1,30,2,-4.90685075521469116e-1
2,0,31,2,-4.97665822505950928e-1
2,1,31,2,-4.97665822505950928e-1
2,0,32,2,0.00000000000000000e0
2,1,32,2,0.00000000000000000e0
2,0,33,2,0.00000000000000000e0
2,1,33,2,0.00000000000000000e0
2,0,0,3,4.99416112899780273e-1
2,1,0,3,4.99416112899780273e-1
2,0,1,3,4.94753211736679077e-1
2,1,1,3,4.94753211736679077e-1
2,0,2,3,4.85470920801162720e-1
2,1,2,3,4.85470920801162720e-1
2,0,3,3,4.71655905246734619e-1
2,1,3,3,4.71655905246734619e-1
2,0,4,3,4.53437179327011108e-1
2,1,4,3,4.53437179327011108e-1
2,0,5,3,4.30984824895858765e-1
2,1,5,3,4.30984824895858765e-1
2,0,6,3,4.04508501291275024e-1
2,1,6,3,4.04508501291275024e-1
2,0,7,3,3.74255388975143433e-1
2,1,7,3,3.74255388975143433e-1
2,0,8,3,3.40507924556732178e-1
2,1,8,3,3.40507924556732178e-1
2,0,9,3,3.03581267595291138e-1
2,1,9,3,3.03581267595291138e-1
2,0,10,3,2.63820111751556396e-1
2,1,10,3,2.63820111751556396e-1
2,0,11,3,2.21595779061317444e-1
2,1,11,3,2.21595779061317444e-1
2,0,12,3,1.77302449941635132e-1
2,1,12,3,1.77302449941635132e-1
2,0,13,3,1.31353691220283508e-1
2,1,13,3,1.31353691220283508e-1
2,0,14,3,8.41785222291946411e-2
2,1,14,3,8.41785222291946411e-2
2,0,15,3,3.62173989415168762e-2
2,1,15,3,3.62173989415168762e-2
2,0,16,3,-1.20818726718425751e-2
2,1,16,3,-1.20818726718425751e-2
2,0,17,3,-6.02683387696743011e-2
2,1,17,3,-6.02683387696743011e-2
2,0,18,3,-1.07892096042633057e-1
2,1,18,3,-1.07892096042633057e-1
2,0,19,3,-1.54508501291275024e-1
2,1,19,3,-1.54508501291275024e-1
2,0,20,3,-1.99682295322418213e-1
2,1,20,3,-1.99682295322418213e-1
2,0,21,3,-2.42991700768470764e-1
2,1,21,3,-2.42991700768470764e-1
2,0,22,3,-2.84032374620437622e-1
2,1,22,3,-2.84032374620437622e-1
2,0,23,3,-3.22421103715896606e-1
2,1,23,3,-3.22421103715896606e-1
2,0,24,3,-3.57799470424652100e-1
2,1,24,3,-3.57799470424652100e-1
2,0,25,3,-3.89837175607681274e-1
2,1,25,3,-3.89837175607681274e-1
2,0,26,3,-4.18235063552856445e-1
2,1,26,3,-4.18235063552856445e-1
2,0,27,3,-4.42728012800216675e-1
2,1,27,3,-4.42728012800216675e-1
2,0,28,3,-4.63087320327758789e-1
2,1,28,3,-4.63087320327758789e-1
2,0,29,3,-4.79122906923294067e-1
2,1,29,3,-4.79122906923294067e-1
2,0,30,3,-4.90685075521469116e-1
2,1,30,3,-4.90685075521469116e-1
2,0,31,3,-4.97665822505950928e-1
2,1,31,3,-4.97665822505950928e-1
2,0,32,3,0.00000000000000000e0
2,1,32,3,0.00000000000000000e0
2,0,33,3,0.00000000000000000e0
2,1,33,3,0.00000000000000000e0
