step,dt,stability,kinetic_before,kinetic_after,dissipation_before,update_energy,rounding_work,identity_error,rounding_budget,amplitude,modal_error
1,9.61538461538461592e-4,9.92307692307692613e-2,5.62500000565873792e-1,5.61433739121402264e-1,1.10943897584212303e0,5.05775328722493018e-7,1.02620188475322788e-9,-9.36831784154488187e-17,2.27817711965627618e-8,9.99051762473093019e-1,3.97987361955287611e-8
2,9.61538461538461592e-4,9.92307692307692613e-2,5.61433739121402264e-1,5.60369497402786410e-1,1.10733595005776353e0,5.04816593208635828e-7,-4.29384371253135146e-10,8.04537011675410400e-17,2.34161103532477764e-8,9.98104422806029290e-1,6.12207203820602786e-8
3,9.61538461538461592e-4,9.92307692307692613e-2,5.60369497402786410e-1,5.59307274865463611e-1,1.10523690785131223e0,5.03859673739520000e-7,1.39901439504910097e-9,-5.61955596429035896e-17,2.27869710453420491e-8,9.97157983072367582e-1,8.06858463375803581e-8
4,9.61538461538461592e-4,9.92307692307692613e-2,5.59307274865463611e-1,5.58247065182204127e-1,1.10314184814869898e0,5.02904569829017126e-7,7.27698307331302860e-10,-2.43449590930085660e-17,2.13786053092787106e-8,9.96212440191436954e-1,9.33330355223915831e-8
5,9.61538461538461592e-4,9.92307692307692613e-2,5.58247065182204127e-1,5.57188866574436337e-1,1.10105075847049894e0,5.01951275776927297e-7,2.09333182119112322e-9,9.08644146875914144e-17,2.40436154963555100e-8,9.95267795130892807e-1,9.96209084114241250e-8
6,9.61538461538461592e-4,9.92307692307692613e-2,5.57188866574436337e-1,5.56132669390682288e-1,1.09896363530882080e0,5.00999790006675075e-7,-2.38036247350463178e-9,-2.31998180078083972e-17,2.09209359388187262e-8,9.94324041821560645e-1,1.00007650272182502e-7
7,9.61538461538461592e-4,9.92307692307692613e-2,5.56132669390682288e-1,5.55078476958396627e-1,1.09688045962767422e0,5.00050103830483231e-7,2.67252528972114075e-10,-2.61191207311343115e-17,2.36887505221100343e-8,9.93381185782481246e-1,9.63343124160687125e-8
8,9.61538461538461592e-4,9.92307692307692613e-2,5.55078476958396627e-1,5.54026280169792829e-1,1.09480123798996898e0,4.99102220241772130e-7,-2.39275671427219631e-9,-4.82123063750756984e-17,2.23288299026130285e-8,9.92439221413521033e-1,9.12644053663314025e-8
9,9.61538461538461592e-4,9.92307692307692613e-2,5.54026280169792829e-1,5.52976082451642315e-1,1.09272595243197590e0,4.98156131034660750e-7,2.15690299838688695e-9,4.52780878792454396e-17,2.09656071127340214e-8,9.91498154328173564e-1,8.64306628489686091e-8
10,9.61538461538461592e-4,9.92307692307692613e-2,5.52976082451642315e-1,5.51927875191354778e-1,1.09065460971250427e0,4.97211839305022008e-7,1.88336596773248527e-9,-1.70239312173517201e-17,2.13466867143372505e-8,9.90557979355157991e-1,9.18736787758334117e-8
11,9.61538461538461592e-4,9.92307692307692613e-2,5.51927875191354778e-1,5.50881653326636966e-1,1.08858719284463534e0,4.96269337303671966e-7,3.20603200951452449e-10,-1.25464342529593997e-17,2.10646960202371220e-8,9.89618694490124406e-1,1.07253296577347612e-7
12,9.61538461538461592e-4,9.92307692307692613e-2,5.50881653326636966e-1,5.49837413291674015e-1,1.08652369184384567e0,4.95328620485338655e-7,-1.04450278887777180e-9,-2.65599338098638869e-17,2.35034332155535510e-8,9.88680299064048307e-1,1.03787466732008227e-7
13,9.61538461538461592e-4,9.92307692307692613e-2,5.49837413291674015e-1,5.48795149984181330e-1,1.08446409967721857e0,4.94389685650312130e-7,-3.75518110040218368e-9,9.00173304551391358e-17,2.14387771063817888e-8,9.87742791020311928e-1,1.15618416729468265e-7
14,9.61538461538461592e-4,9.92307692307692613e-2,5.48795149984181330e-1,5.47754866512667693e-1,1.08240840628121138e0,4.93452528198765678e-7,3.89690153359926917e-10,-5.47875205516030024e-17,2.18033838288996988e-8,9.86806175688117126e-1,1.16932843630124239e-7
15,9.61538461538461592e-4,9.92307692307692613e-2,5.47754866512667693e-1,5.46716551557187791e-1,1.08035661778695702e0,4.92517150937856800e-7,-3.03245109734593449e-9,2.39368793605753039e-17,2.09331062347925338e-8,9.85870445405407358e-1,1.09196293784918907e-7
16,9.61538461538461592e-4,9.92307692307692613e-2,5.46716551557187791e-1,5.45680204881609066e-1,1.07830871186755917e0,4.91583543670908433e-7,-2.95924976469079800e-9,2.14111313366201620e-17,2.12213583395840188e-8,9.84935602481611494e-1,1.14554528085619722e-7
17,9.61538461538461592e-4,9.92307692307692613e-2,5.45680204881609066e-1,5.44645824133872969e-1,1.07626468805737541e0,4.90651706194217201e-7,-1.50707943248830515e-9,2.61330385102296108e-18,2.14711449997089126e-8,9.84001647321069428e-1,1.18746648070100491e-7
18,9.61538461538461592e-4,9.92307692307692613e-2,5.44645824133872969e-1,5.43613409713517792e-1,1.07422454171735526e0,4.89721636386304277e-7,4.07119825147377697e-9,-4.95845187747817537e-17,2.07216567995492047e-8,9.83068582815286973e-1,1.22395472756942070e-7
19,9.61538461538461592e-4,9.92307692307692613e-2,5.43613409713517792e-1,5.42582951260829671e-1,1.07218827363555169e0,4.88793334627604558e-7,3.01708833230535751e-9,2.64379323209329815e-17,2.21535103347363170e-8,9.82136402126604136e-1,1.25585984389608996e-7
20,9.61538461538461592e-4,9.92307692307692613e-2,5.42582951260829671e-1,5.41554442400018599e-1,1.07015586337911284e0,4.87866791581158880e-7,-7.05122741972206664e-10,4.46030396366161740e-18,2.23889287664428012e-8,9.81205101998066320e-1,1.06852101500187757e-7
21,9.61538461538461592e-4,9.92307692307692613e-2,5.41554442400018599e-1,5.40527885228287652e-1,1.06812729837285070e0,4.86942001531533448e-7,1.36547220111722376e-9,-1.48457806168133052e-17,2.08725846133171158e-8,9.80274686841076215e-1,1.09316345753285304e-7
22,9.61538461538461592e-4,9.92307692307692613e-2,5.40527885228287652e-1,5.39503269681257502e-1,1.06610258275312408e0,4.86018966352664671e-7,-2.92873380899868742e-9,-7.42591559741997340e-17,1.94909137867768177e-8,9.79345150043078760e-1,1.06873442429211707e-7
23,9.61538461538461592e-4,9.92307692307692613e-2,5.39503269681257502e-1,5.38480596071849948e-1,1.06408169666951857e0,4.85097676976053068e-7,-3.22951772206641216e-9,3.68732396783533590e-17,2.20129706431960570e-8,9.78416494391834646e-1,1.00319316631569677e-7
24,9.61538461538461592e-4,9.92307692307692613e-2,5.38480596071849948e-1,5.37459863472014798e-1,1.06206464073939522e0,4.84178133727206097e-7,-7.77257880992414726e-10,-3.93646147289417427e-17,2.00290515232499940e-8,9.77488721554762741e-1,9.82203560706551571e-8
25,9.61538461538461592e-4,9.92307692307692613e-2,5.37459863472014798e-1,5.36441069913140778e-1,1.06005141313220586e0,4.83260335740798497e-7,3.38572504596750746e-9,6.05125714192453757e-18,2.15688489629882776e-8,9.76561832256162110e-1,9.61687194322990990e-8
26,9.61538461538461592e-4,9.92307692307692613e-2,5.36441069913140778e-1,5.35424203212628180e-1,1.05804200996524145e0,4.82344281256095470e-7,-9.58288858782385067e-10,4.49983792366524710e-17,2.01375440432916868e-8,9.75635817914748071e-1,1.04856303750899826e-7
27,9.61538461538461592e-4,9.92307692307692613e-2,5.35424203212628180e-1,5.34409265202153705e-1,1.05603640721033165e0,4.81429959327374635e-7,1.81883793019649451e-10,3.09286261506673670e-17,2.07630259032667963e-8,9.74710682694698294e-1,8.82208943675522050e-8
28,9.61538461538461592e-4,9.92307692307692613e-2,5.34409265202153705e-1,5.33396250077831202e-1,1.05403460848009156e0,4.80517371578159500e-7,-8.25847761771139943e-10,-7.72313107306804763e-17,1.91653076697482749e-8,9.73786423803702839e-1,9.41661614239919231e-8
29,9.61538461538461592e-4,9.92307692307692613e-2,5.33396250077831202e-1,5.32385155816155309e-1,1.05203660232732932e0,4.79606512802861282e-7,-2.12104791921096272e-10,6.62821757856435036e-17,2.12531829648967682e-8,9.72863041890563607e-1,1.06792360732299585e-7
30,9.61538461538461592e-4,9.92307692307692613e-2,5.32385155816155309e-1,5.31375979741253501e-1,1.05004238476107425e0,4.78697381193153152e-7,1.36691040811819177e-9,-6.80513716517569401e-17,2.08107950531598450e-8,9.71940537007559557e-1,1.27112747771995771e-7
31,9.61538461538461592e-4,9.92307692307692613e-2,5.31375979741253501e-1,5.30368717335159001e-1,1.04805195050360767e0,4.77789974341924388e-7,2.06403075805333841e-9,2.27787040802704073e-17,2.03438986324875856e-8,9.71018907518490182e-1,1.03260209827205074e-7
32,9.61538461538461592e-4,9.92307692307692613e-2,5.30368717335159001e-1,5.29363361089686402e-1,1.04606529064386966e0,4.76884288166548181e-7,-1.11952630957030517e-9,3.35537396851451418e-17,2.14103857256523333e-8,9.70098149038658764e-1,1.11499256272296066e-7
33,9.61538461538461592e-4,9.92307692307692613e-2,5.29363361089686402e-1,5.28359911453015862e-1,1.04408239037325323e0,4.75980315915526661e-7,-2.41627563548952822e-10,6.11489602385736333e-18,2.13612996848609170e-8,9.69178264461622252e-1,1.21564831756515446e-7
34,9.61538461538461592e-4,9.92307692307692613e-2,5.28359911453015862e-1,5.27358362143498627e-1,1.04210325057579789e0,4.75078058029750907e-7,-2.03125242325414675e-9,4.05015429446350257e-17,2.14331444993393661e-8,9.68259250511366742e-1,1.35779192000917703e-7
35,9.61538461538461592e-4,9.92307692307692613e-2,5.27358362143498627e-1,5.26358715327670534e-1,1.04012785886185855e0,4.74177508817840157e-7,1.94787645191481290e-9,-3.66205289701832024e-17,2.17754292045714923e-8,9.67341111660100950e-1,9.21425120647967333e-8
36,9.61538461538461592e-4,9.92307692307692613e-2,5.26358715327670534e-1,5.25360960016777900e-1,1.03815621950467807e0,4.73278670247204296e-7,-1.45542373460004175e-9,-3.30022134962078072e-17,2.05143947664958477e-8,9.66423840294838521e-1,9.61954024214506376e-8
37,9.61538461538461592e-4,9.92307692307692613e-2,5.25360960016777900e-1,5.24365100414635688e-1,1.03618831083061647e0,4.72381532430364838e-7,2.93058547694138516e-9,8.79864366151989422e-17,2.10880376237373063e-8,9.65507442758229750e-1,1.01103043825823136e-7
38,9.61538461538461592e-4,9.92307692307692613e-2,5.24365100414635688e-1,5.23371128766581317e-1,1.03422414113113059e0,4.71486099162087622e-7,3.15539569856471586e-9,-6.68617240103007791e-17,2.18034143561159111e-8,9.64591914394724803e-1,1.10411567555424028e-7
39,9.61538461538461592e-4,9.92307692307692613e-2,5.23371128766581317e-1,5.22379040095539926e-1,1.03226369511136462e0,4.70592363451934194e-7,1.98189452438794535e-9,2.16618597064523353e-17,2.15074205071499030e-8,9.63677253090723718e-1,1.14196118894405174e-7
40,9.61538461538461592e-4,9.92307692307692613e-2,5.22379040095539926e-1,5.21388832552966086e-1,1.03030696295485402e0,4.69700320836286720e-7,2.52917732794539052e-9,-2.90503440576653041e-17,2.11614514890479699e-8,9.62763459610752936e-1,1.29043336127843133e-7
41,9.61538461538461592e-4,9.92307692307692613e-2,5.21388832552966086e-1,5.20400499603185684e-1,1.02835394101568167e0,4.68809969646470283e-7,1.06611103339358773e-10,8.09520949737193765e-17,2.11796309139653447e-8,9.61850530388307923e-1,1.15860206983953162e-7
42,9.61538461538461592e-4,9.92307692307692613e-2,5.20400499603185684e-1,5.19414040924600195e-1,1.02640461640323544e0,4.67921304001733707e-7,9.15882925704728152e-10,-7.46138295141665458e-17,2.12758504747148076e-8,9.60938467589136480e-1,1.17851228553789156e-7
43,9.61538461538461592e-4,9.92307692307692613e-2,5.19414040924600195e-1,5.18429450294168981e-1,1.02445898848330486e0,4.67034323624106295e-7,-9.45059373969179565e-10,2.07157414819572986e-17,2.27371176980378745e-8,9.60027267920717353e-1,1.30022032029941670e-7
44,9.61538461538461592e-4,9.92307692307692613e-2,5.18429450294168981e-1,5.17446728171403914e-1,1.02251704498195140e0,4.66149022922482276e-7,1.19454077387789117e-9,3.58798135470603427e-17,2.10698151591454603e-8,9.59116934268962940e-1,1.38687579975815822e-7
45,9.61538461538461592e-4,9.92307692307692613e-2,5.17446728171403914e-1,5.16465867497658326e-1,1.02057878680538927e0,4.65265402294775969e-7,-1.82604259035503165e-10,2.07054571195520326e-17,2.27620884803785668e-8,9.58207462554096834e-1,1.42104636835505005e-7
46,9.61538461538461592e-4,9.92307692307692613e-2,5.16465867497658326e-1,5.15486867589858844e-1,1.01864420003168843e0,4.64383455401184999e-7,1.28569873924298001e-9,-7.63971961732451463e-17,2.01650166917196699e-8,9.57298854598491178e-1,1.40786854396779404e-7
47,9.61538461538461592e-4,9.92307692307692613e-2,5.15486867589858844e-1,5.14509721667153475e-1,1.01671328331351440e0,4.63503181622270253e-7,-4.99623998922981075e-10,2.22694184896985525e-18,1.99069873158122143e-8,9.56391106561697235e-1,1.35247396948479093e-7
48,9.61538461538461592e-4,9.92307692307692613e-2,5.14509721667153475e-1,5.13534430027487998e-1,1.01478602327685885e0,4.62624574876782933e-7,1.52737199510622857e-9,1.59501293935029980e-17,2.07242672428583451e-8,9.55484221171760462e-1,1.47370153635861811e-7
49,9.61538461538461592e-4,9.92307692307692613e-2,5.13534430027487998e-1,5.12560985343986641e-1,1.01286242050924313e0,4.61747635409658604e-7,-2.57570242392409202e-10,5.61561188441164487e-17,2.16695971220457170e-8,9.54578194064646723e-1,1.54365971893888343e-7
50,9.61538461538461592e-4,9.92307692307692613e-2,5.12560985343986641e-1,5.11589387769046500e-1,1.01094246055968462e0,4.60872356650765401e-7,1.61093372036045881e-9,-4.69058221604334130e-17,2.04208500392470167e-8,9.53673027828607078e-1,1.56487179880926419e-7
51,9.61538461538461592e-4,9.92307692307692613e-2,5.11589387769046500e-1,5.10619631049784140e-1,1.00902614372872157e0,4.59998738716838389e-7,7.27891963128757314e-10,-3.85896418275451525e-17,2.26928032425150985e-8,9.52768719083574300e-1,1.54303594124272081e-7
52,9.61538461538461592e-4,9.92307692307692613e-2,5.10619631049784140e-1,5.09651709901353889e-1,1.00711345768368288e0,4.59126776015975373e-7,-1.95051042879218537e-9,1.10027284422133779e-17,2.01200012203774236e-8,9.51865265338308286e-1,1.48384490694652982e-7
53,9.61538461538461592e-4,9.92307692307692613e-2,5.09651709901353889e-1,5.08685623734895231e-1,1.00520439200100120e0,4.58256463774785387e-7,-1.73830609190998725e-9,7.18910631983232175e-18,1.99495952474329318e-8,9.50962668479238382e-1,1.39298605872362202e-7
54,9.61538461538461592e-4,9.92307692307692613e-2,5.08685623734895231e-1,5.07721373110715968e-1,1.00329894551917564e0,4.57387801462270043e-7,2.51255696205910066e-9,-1.90219090591765910e-17,2.04349286845811047e-8,9.50060931472821557e-1,1.28754750194914891e-7
55,9.61538461538461592e-4,9.92307692307692613e-2,5.07721373110715968e-1,5.06758943779289317e-1,1.00139711934333953e0,4.56520789588439947e-7,-4.00669381098208069e-9,1.37228916206690019e-17,2.14779224163912395e-8,9.49160043425034017e-1,1.40709492946200498e-7
56,9.61538461538461592e-4,9.92307692307692613e-2,5.06758943779289317e-1,5.05798340635399524e-1,9.99498885368736434e-1,4.55655415344506494e-7,-2.17875833433636722e-9,5.85482846437697896e-17,2.06980139788321758e-8,9.48260011343866061e-1,1.07900855361720005e-7
57,9.61538461538461592e-4,9.92307692307692613e-2,5.05798340635399524e-1,5.04839560278636190e-1,9.97604253249368855e-1,4.54791683115168610e-7,-2.89552825150036469e-10,4.46332803258353470e-19,2.14071253211562257e-8,9.47360834478381375e-1,1.27994855936286456e-7
58,9.61538461538461592e-4,9.92307692307692613e-2,5.04839560278636190e-1,5.03882595565675495e-1,9.95713216278738655e-1,4.53929589876500198e-7,-2.08843640503690951e-9,5.32324762660079866e-18,1.99251959776178535e-8,9.46462508557239235e-1,1.41958398924835194e-7
59,9.61538461538461592e-4,9.92307692307692613e-2,5.03882595565675495e-1,5.02927446918610466e-1,9.93825760367648248e-1,4.53069129185238042e-7,-2.35329186353050410e-11,-9.57981636206380863e-17,2.04391387127867446e-8,9.45565036402548964e-1,1.50362491679878474e-7
60,9.61538461538461592e-4,9.92307692307692613e-2,5.02927446918610466e-1,5.01974109062347962e-1,9.91941886348549295e-1,4.52210301398816970e-7,2.08771187638044228e-10,5.32689936792633944e-17,1.98330145323031790e-8,9.44668415484006596e-1,1.53777599987137137e-7
61,9.61538461538461592e-4,9.92307692307692613e-2,5.01974109062347962e-1,5.01022578475580627e-1,9.90061583817346325e-1,4.51353101817455034e-7,3.52262905200715269e-10,6.04651398489458194e-18,2.00448466505534931e-8,9.43772644911222924e-1,1.52773648620652125e-7
62,9.61538461538461592e-4,9.92307692307692613e-2,5.01022578475580627e-1,5.00072852966336190e-1,9.88184845828738001e-1,4.50497527255652483e-7,1.72960213275007308e-9,-3.86083016779958534e-17,2.16746457909021218e-8,9.42877725041324055e-1,1.47920022453007505e-7
63,9.61538461538461592e-4,9.92307692307692613e-2,5.00072852966336190e-1,4.99124924178491691e-1,9.86311668059438373e-1,4.49643575742713686e-7,-1.82751695912480178e-9,2.39534711560970457e-17,2.03894083703211262e-8,9.41983650413781293e-1,1.39785565567152048e-7
64,9.61538461538461592e-4,9.92307692307692613e-2,4.99124924178491691e-1,4.98178795580243139e-1,9.84442034028286006e-1,4.48791239747028299e-7,1.48938505755875104e-9,-4.89247781297732413e-18,2.10474779398412948e-8,9.41090426713434680e-1,1.28938583476845281e-7
65,9.61538461538461592e-4,9.92307692307692613e-2,4.98178795580243139e-1,4.97234458790432765e-1,9.82575950575849677e-1,4.47940522409248588e-7,-1.62471394444685291e-10,5.28292867219585614e-18,2.10562436821858053e-8,9.40198048441770129e-1,1.21828670707202491e-7
66,9.61538461538461592e-4,9.92307692307692613e-2,4.97234458790432765e-1,4.96291912524525036e-1,9.80713401171621535e-1,4.47091416188622237e-7,2.97648783907094560e-10,1.16842852003961522e-17,1.98984993286873310e-8,9.39306516792747459e-1,1.10156252008941635e-7
67,9.61538461538461592e-4,9.92307692307692613e-2,4.96291912524525036e-1,4.95351152901073566e-1,9.78854383282038221e-1,4.46243919923198341e-7,2.70399793305491857e-10,3.74759465303190699e-18,2.08385841757471988e-8,9.38415830502770887e-1,1.05997652211087257e-7
68,9.61538461538461592e-4,9.92307692307692613e-2,4.95351152901073566e-1,4.94412176377842127e-1,9.76998889251603386e-1,4.45398030131828507e-7,8.76342317249790148e-11,-2.94329809293779598e-17,2.12670953204240026e-8,9.37525988622725071e-1,1.21144274389806128e-7
69,9.61538461538461592e-4,9.92307692307692613e-2,4.94412176377842127e-1,4.93474980653730522e-1,9.75146912093816542e-1,4.44553743617061668e-7,9.83773434682014096e-10,1.22774474737675551e-17,1.90204454746693100e-8,9.36636991375493166e-1,1.08210878368986130e-7
70,9.61538461538461592e-4,9.92307692307692613e-2,4.93474980653730522e-1,4.92539560653087738e-1,9.73298447270211087e-1,4.43711058323711555e-7,1.79904866184585068e-10,-1.43338793777469811e-18,2.14823133776714777e-8,9.35748836346901203e-1,1.18676756755142776e-7
71,9.61538461538461592e-4,9.92307692307692613e-2,4.92539560653087738e-1,4.91605914879248707e-1,9.71453484769913334e-1,4.42869969701815277e-7,1.24539312072396111e-9,-1.40969604780486509e-17,1.93806263339274332e-8,9.34861524514304487e-1,1.21323398882822175e-7
72,9.61538461538461592e-4,9.92307692307692613e-2,4.91605914879248707e-1,4.90674036083660170e-1,9.69612021640859023e-1,4.42030476373891223e-7,-1.57448719651279591e-9,3.51452858485096859e-17,2.03692658056565065e-8,9.33975051382264776e-1,1.26256304411320741e-7
73,9.61538461538461592e-4,9.92307692307692613e-2,4.90674036083660170e-1,4.89743928901393955e-1,9.67774043586601351e-1,4.41192571843744823e-7,3.59014909247447062e-9,-3.49445167061338778e-17,2.04470482284601084e-8,9.33089423756685910e-1,1.30123042008101208e-7
74,9.61538461538461592e-4,9.92307692307692613e-2,4.89743928901393955e-1,4.88815579702177927e-1,9.65939559748937304e-1,4.40356260250995231e-7,-1.51725615616221908e-9,9.70564141292000120e-18,2.03358429086958111e-8,9.32204631050422616e-1,1.54045033395888709e-7
75,9.61538461538461592e-4,9.92307692307692613e-2,4.88815579702177927e-1,4.87888990920106125e-1,9.64108543244551308e-1,4.39521529385290031e-7,-8.58173763192174919e-10,2.89764336087773128e-17,2.02397723165822348e-8,9.31320677966301358e-1,1.77540380730256686e-7
76,9.61538461538461592e-4,9.92307692307692613e-2,4.87888990920106125e-1,4.86964162526475342e-1,9.62280998874113891e-1,4.38688381394400056e-7,3.10921295252189085e-9,-2.06117096646534951e-17,1.61668702254149457e-8,9.30437566869917188e-1,1.98312895327568128e-7
77,9.61538461538461592e-4,9.92307692307692613e-2,4.86964162526475342e-1,4.86041084076095142e-1,9.60456926581026438e-1,4.37856816254002174e-7,-3.16377687700140223e-11,-5.16530342753210221e-18,2.06375215135612628e-8,9.29555290172788484e-1,1.57551785839871172e-7
78,9.61538461538461592e-4,9.92307692307692613e-2,4.86041084076095142e-1,4.85119756540627278e-1,9.58636305764016927e-1,4.37026824599356765e-7,1.11632675927248271e-9,2.44367706609303940e-17,1.95941502317466243e-8,9.28673851183104748e-1,1.75259442958264344e-7
79,9.61538461538461592e-4,9.92307692307692613e-2,4.85119756540627278e-1,4.84200175664010912e-1,9.56819138339421560e-1,4.36198407287567044e-7,1.32722579029083902e-9,-5.39210090001879385e-20,2.04743921629590155e-8,9.27793248210825539e-1,1.92623570760552809e-7
80,9.61538461538461592e-4,9.92307692307692613e-2,4.84200175664010912e-1,4.83282339863033816e-1,9.55005415912857591e-1,4.35371560495346887e-7,3.26584015283072663e-9,3.57067731531785372e-18,1.96215238052284687e-8,9.26913482120409249e-1,1.50831122036620968e-7
81,9.61538461538461592e-4,9.92307692307692613e-2,4.83282339863033816e-1,4.82366241946419139e-1,9.53195135361723955e-1,4.34546282793621110e-7,1.32110421896140391e-9,-3.25056865461991235e-17,2.17254929413516730e-8,9.26034548394290113e-1,1.69882233169715846e-7
82,9.61538461538461592e-4,9.92307692307692613e-2,4.82366241946419139e-1,4.81451879811616745e-1,9.51388282502414362e-1,4.33722567730664533e-7,5.68112930434710232e-10,3.62980130071075786e-17,1.95545486308892373e-8,9.25156447384638869e-1,1.65606402369178340e-7
83,9.61538461538461592e-4,9.92307692307692613e-2,4.81451879811616745e-1,4.80539249607104701e-1,9.49584853188015110e-1,4.32900413416481264e-7,-7.46090823670591725e-10,-6.66220870985071761e-18,1.96950464887287330e-8,9.24279177760746196e-1,1.44068262541985348e-7
84,9.61538461538461592e-4,9.92307692307692613e-2,4.80539249607104701e-1,4.79628349906848717e-1,9.47784839821885883e-1,4.32079816345549112e-7,-2.03320483132630323e-10,-3.38530700858436339e-17,1.93133387615397290e-8,9.23402740519441600e-1,1.55396446155364742e-7
85,9.61538461538461592e-4,9.92307692307692613e-2,4.79628349906848717e-1,4.78719176911680200e-1,9.45988239591642577e-1,4.31260775293527374e-7,-1.79413390472683633e-10,5.75621469042515545e-18,2.02181952863287266e-8,9.22527134372463475e-1,1.21553110132843756e-7
86,9.61538461538461592e-4,9.92307692307692613e-2,4.78719176911680200e-1,4.77811733607235778e-1,9.44195045003911160e-1,4.30443286819063645e-7,6.10323403590346870e-9,2.23406478394261063e-17,1.97216327087101456e-8,9.21652364568032789e-1,1.30842342849213367e-7
87,9.61538461538461592e-4,9.92307692307692613e-2,4.77811733607235778e-1,4.76906004021523888e-1,9.42405261947328765e-1,4.29627353592168618e-7,-3.07346886314230925e-10,-1.00919906970711890e-17,2.00652639926613821e-8,9.20778418070994364e-1,1.37317543003057096e-7
88,9.61538461538461592e-4,9.92307692307692613e-2,4.76906004021523888e-1,4.76001993025918724e-1,9.40618858919932577e-1,4.28812961291415790e-7,1.40193349024043056e-9,-1.09013919929355785e-17,1.96292959232740202e-8,9.19905301934990205e-1,1.36102498160539653e-7
89,9.61538461538461592e-4,9.92307692307692613e-2,4.76001993025918724e-1,4.75099694006239304e-1,9.38835845529550239e-1,4.28000114257650122e-7,-2.45246039140329848e-10,5.95195881397728049e-18,1.96049991961814024e-8,9.19033012129381710e-1,1.42607334496780425e-7
90,9.61538461538461592e-4,9.92307692307692613e-2,4.75099694006239304e-1,4.74199106276571025e-1,9.37056208730799645e-1,4.27188806544645691e-7,6.66843239138887512e-10,1.43018421556349195e-17,1.97185770354169227e-8,9.18161550345291122e-1,1.45318756694656770e-7
91,9.61538461538461592e-4,9.92307692307692613e-2,4.74199106276571025e-1,4.73300223649916085e-1,9.35279947170949089e-1,4.26379037570680598e-7,-1.36418195265518498e-9,-2.99419241964231883e-17,1.77219566341172869e-8,9.17290912947235970e-1,1.44841717841792672e-7
92,9.61538461538461592e-4,9.92307692307692613e-2,4.73300223649916085e-1,4.72403044914838088e-1,9.33507048647045146e-1,4.25570801748864435e-7,-1.37448840719227502e-9,5.10154570688711643e-17,1.95803093313063360e-8,9.16421101109788250e-1,1.41913993667586169e-7
93,9.61538461538461592e-4,9.92307692307692613e-2,4.72403044914838088e-1,4.71507567111406567e-1,9.31737510769655275e-1,4.24764097965507749e-7,-1.11486632763189242e-9,-2.91428954352474841e-17,1.98399940860402096e-8,9.15552114312144227e-1,1.37272660349907483e-7
94,9.61538461538461592e-4,9.92307692307692613e-2,4.71507567111406567e-1,4.70613787336691958e-1,9.29971327700979344e-1,4.23958923603573447e-7,-5.33925706100270809e-10,-2.65462925675871218e-17,1.98580406150069799e-8,9.14683952084723417e-1,1.31654095625322043e-7
95,9.61538461538461592e-4,9.92307692307692613e-2,4.70613787336691958e-1,4.69721701959268267e-1,9.28208493715394045e-1,4.23155276035991543e-7,-3.65665738691378026e-10,4.51194722744756401e-17,2.00925231489141925e-8,9.13816613245267639e-1,1.25793978122956673e-7
96,9.61538461538461592e-4,9.92307692307692613e-2,4.69721701959268267e-1,4.68831307762318905e-1,9.26449001650490378e-1,4.22353151982128259e-7,-2.02360462567639184e-10,-2.56550044752842571e-17,1.87571957747827075e-8,9.12950097008517147e-1,1.22937190316640965e-7
97,9.61538461538461592e-4,9.92307692307692613e-2,4.68831307762318905e-1,4.67942598775212215e-1,9.24692845161705468e-1,4.21552548585596378e-7,-2.80392286771877415e-9,1.23177160735527085e-18,1.94559875353416225e-8,9.12084399900166765e-1,1.33200521723608745e-7
98,9.61538461538461592e-4,9.92307692307692613e-2,4.67942598775212215e-1,4.67055577312809111e-1,9.22940012472817095e-1,4.20753460443114391e-7,1.03821854622497065e-10,-2.86539616413705192e-19,2.01516842122568374e-8,9.11219526512996869e-1,1.33476225627759959e-7
99,9.61538461538461592e-4,9.92307692307692613e-2,4.67055577312809111e-1,4.66170238570925710e-1,9.21190508149600240e-1,4.19955889646059478e-7,1.40621695496817641e-9,-2.07512049895641314e-18,1.93734722077141300e-8,9.10355474503792839e-1,1.36695438857081797e-7
100,9.61538461538461592e-4,9.92307692307692613e-2,4.66170238570925710e-1,4.65286576317679557e-1,9.19444322716563622e-1,4.19159831879643423e-7,-3.33542868441776325e-10,-7.32638097499098289e-18,1.89558253306493214e-8,9.09492240122871776e-1,1.39212563809998358e-7
101,9.61538461538461592e-4,9.92307692307692613e-2,4.65286576317679557e-1,4.64404591156984570e-1,9.17701443882346424e-1,4.18365281536709657e-7,1.70852573924617722e-9,-6.63242265977571907e-18,2.03784929848969266e-8,9.08629826291366127e-1,1.41763018546292585e-7
102,9.61538461538461592e-4,9.92307692307692613e-2,4.64404591156984570e-1,4.63524277618865499e-1,9.15961872838086832e-1,4.17572239165862520e-7,1.45967837939513937e-9,6.01020954479751240e-18,2.01110586021866249e-8,9.07768229991729791e-1,1.45081524016710262e-7
103,9.61538461538461592e-4,9.92307692307692613e-2,4.63524277618865499e-1,4.62645630133547092e-1,9.14225598795087802e-1,4.16780699835843481e-7,-1.19025377996000043e-9,4.49034416497982286e-17,1.87848636910596007e-8,9.06907448094883439e-1,1.49902104285004611e-7
104,9.61538461538461592e-4,9.92307692307692613e-2,4.62645630133547092e-1,4.61768651211919290e-1,9.12492610767947077e-1,4.15990658552831789e-7,1.82883667154289669e-9,-5.71918258988298067e-19,1.90490207122719977e-8,9.06047485385347073e-1,1.56958087305092420e-7
