step,time,dt,pressure_iterations,full_residual_max,actual_divergence_max,courant,tracer_integral,kinetic_energy
1,2.00000000000000004e-2,2.00000000000000004e-2,59,5.01112823111937722e-14,7.45058059692382812e-9,9.28608179092407261e-3,6.24999986030161381e-4,1.33450295395125390e-6
2,4.00000000000000008e-2,2.00000000000000004e-2,59,5.01689618667700010e-14,2.60770320892333984e-8,1.85574036836624150e-2,1.24957144111778173e-3,5.33234455543553726e-6
3,5.99999999999999978e-2,2.00000000000000004e-2,59,5.03391816078502252e-14,2.98023223876953125e-8,2.77845227718353273e-2,1.87329708788594148e-3,1.19681597921014050e-5
4,8.00000000000000017e-2,2.00000000000000004e-2,59,5.06202068109584680e-14,7.45058059692382812e-8,3.69381916522979747e-2,2.49577523389774578e-3,2.11946704831778628e-5
5,1.00000000000000006e-1,2.00000000000000004e-2,59,5.10033096486062210e-14,5.03112216887480201e-8,4.59894752502441398e-2,3.11662322498409625e-3,3.29438705373419666e-5
6,1.20000000000000009e-1,2.00000000000000004e-2,59,5.14809549156947099e-14,1.04352374658001068e-7,5.49098777770996097e-2,3.73548036626601817e-3,4.71287037811925441e-5
7,1.40000000000000013e-1,2.00000000000000004e-2,54,4.37447370400757471e-14,3.01955585535473858e-8,5.43854093551635748e-2,3.72820993373674039e-3,4.65502560199842518e-5
8,1.60000000000000003e-1,2.00000000000000004e-2,54,4.27343991052061330e-14,1.04308128356933594e-7,5.38642144203186068e-2,3.72104597337582360e-3,4.59879441605873782e-5
9,1.79999999999999993e-1,2.00000000000000004e-2,54,4.17047526307873836e-14,8.94069671630859375e-8,5.33464837074279774e-2,3.71398420659195668e-3,4.54409755082391746e-5
10,1.99999999999999983e-1,2.00000000000000004e-2,54,4.06584348539007750e-14,8.94069671630859375e-8,5.28323912620544470e-2,3.70702067592980182e-3,4.49086149530239864e-5
11,2.19999999999999973e-1,2.00000000000000004e-2,54,3.95982312423933530e-14,8.94231320103244798e-8,5.23221015930175823e-2,3.70015175050879361e-3,4.43901902597537460e-5
12,2.39999999999999963e-1,2.00000000000000004e-2,54,3.85264512315958065e-14,7.26998181654892051e-8,5.18157625198364252e-2,3.69337412702874660e-3,4.38850741333750546e-5
